;symbol;baseMean;FoldChange;log2FoldChange;lfcSE;stat;pvalue;padj;description;;;
ENSRNOG00000026177;Mgam;976.0023143;4.505009021;2.171529995;0.341739054;6.354351275;2.09E-10;3.93E-06;maltase-glucoamylase;;;
ENSRNOG00000002863;Cacna1e;14841.48736;1.729262623;0.790156988;0.15711278;5.029234328;4.92E-07;0.004624279;calcium voltage-gated channel subunit alpha1 E;;;
ENSRNOG00000020014;Myh14;1354.388967;0.511820496;-0.966290174;0.223983308;-4.314116894;1.60E-05;0.100316926;myosin heavy chain 14;;;
ENSRNOG00000040205;Zcchc24;5488.912223;0.594018322;-0.751420664;0.195811785;-3.837463934;0.000124311;0.396459347;zinc finger CCHC-type containing 24;;;
ENSRNOG00000002053;Fras1;2489.493554;1.773265451;0.826408518;0.215609261;3.832898995;0.000126642;0.396459347;Fraser extracellular matrix complex subunit 1;;;
ENSRNOG00000007027;Hgf;829.3170061;2.307798638;1.20651735;0.316829349;3.808098442;0.00014004;0.396459347;hepatocyte growth factor;;;
ENSRNOG00000003929;Pcdh19;2604.703218;1.763472845;0.81841936;0.217027911;3.771032743;0.000162573;0.396459347;protocadherin 19;;;
ENSRNOG00000005668;Ndufa8;5684.927927;0.646682379;-0.628870795;0.168885724;-3.723646844;0.000196366;0.396459347;NADH:ubiquinone oxidoreductase subunit A8;;;
ENSRNOG00000006237;Gpr37l1;5180.212486;0.629301051;-0.668177743;0.181217107;-3.687167025;0.000226765;0.396459347;G protein-coupled receptor 37-like 1;;;
ENSRNOG00000007970;Plxnc1;4886.366463;1.600531289;0.678550881;0.184601301;3.675764341;0.000237138;0.396459347;plexin C1;;;
ENSRNOG00000003407;Ptpn14;246.6857107;3.36935513;1.752472496;0.481149258;3.642263743;0.000270251;0.396459347;protein tyrosine phosphatase; non-receptor type 14;;
ENSRNOG00000021441;Reln;8660.678066;1.866812255;0.900576843;0.247360082;3.640752527;0.000271842;0.396459347;reelin;;;
ENSRNOG00000011452;Aldoc;26173.75281;0.67861178;-0.559341621;0.154044763;-3.631033012;0.000282289;0.396459347;aldolase; fructose-bisphosphate C;;
ENSRNOG00000055293;Ptprb;4884.223684;2.282872825;1.190850492;0.329038467;3.619183204;0.000295534;0.396459347;protein tyrosine phosphatase; receptor type; B;
ENSRNOG00000053086;Selenop;13888.32998;0.609060591;-0.715342337;0.200991092;-3.559074834;0.000372163;0.463310102;selenoprotein P;;;
ENSRNOG00000001420;Fis1;3258.444619;0.639100046;-0.645886305;0.182268462;-3.543598809;0.000394705;0.463310102;fission; mitochondrial 1;;
ENSRNOG00000049289;Robo4;230.9948536;5.038254605;2.33292403;0.673655763;3.463080339;0.000534029;0.589976302;roundabout guidance receptor 4;;;
ENSRNOG00000013323;Rnf217;1435.346888;1.585068031;0.664544762;0.194655922;3.413945772;0.000640293;0.641247924;ring finger protein 217;;;
ENSRNOG00000001295;S100b;35037.32861;0.687016307;-0.541583751;0.159430511;-3.396989373;0.000681316;0.641247924;S100 calcium binding protein B;;;
ENSRNOG00000005577;Desi1;4216.173156;0.664970142;-0.588638531;0.1733142;-3.396366425;0.000682869;0.641247924;desumoylating isopeptidase 1;;;
ENSRNOG00000001130;Nos1;1752.396154;1.953747573;0.966244081;0.291967198;3.309426844;0.000934872;0.796932314;nitric oxide synthase 1;;;
ENSRNOG00000015105;Bspry;431.1288896;0.358075577;-1.481663974;0.44917044;-3.298667593;0.000971449;0.796932314;B-box and SPRY domain containing;;;
ENSRNOG00000007955;Timp4;240.8751357;0.273534183;-1.870206962;0.567627792;-3.294776947;0.000984998;0.796932314;TIMP metallopeptidase inhibitor 4;;;
ENSRNOG00000005195;Cst3;35977.19003;0.614810514;-0.701786259;0.213607784;-3.285396465;0.00101839;0.796932314;cystatin C;;;
ENSRNOG00000021808;Tecr;10903.91312;0.693171911;-0.5287149;0.162512133;-3.253387236;0.00114038;0.856698894;trans-2;3-enoyl-CoA reductase;;
ENSRNOG00000017545;Mrs2;2036.96754;1.479226039;0.564842526;0.177932116;3.17448328;0.001501035;0.924256347;magnesium transporter MRS2;;;
ENSRNOG00000069640;NA;1792.125582;1.644978514;0.71806874;0.226575032;3.169231546;0.001528426;0.924256347;NA;;;
ENSRNOG00000024603;Rps15;5406.41629;0.68551811;-0.544733315;0.172214719;-3.163105448;0.001560958;0.924256347;ribosomal protein S15;;;
ENSRNOG00000001494;Napa;5975.244943;0.691977983;-0.531201959;0.168002484;-3.16186967;0.001567597;0.924256347;NSF attachment protein alpha;;;
ENSRNOG00000061230;L1cam;10805.13295;1.405003746;0.490573977;0.155542809;3.153948293;0.001610776;0.924256347;L1 cell adhesion molecule;;;
ENSRNOG00000004100;Trib1;631.3184999;0.408691298;-1.290916568;0.410327856;-3.146061249;0.001654853;0.924256347;tribbles pseudokinase 1;;;
ENSRNOG00000063021;Spmip1;3030.677806;0.635229286;-0.654650669;0.208425154;-3.140938884;0.001684072;0.924256347;sperm microtubule inner protein 1;;;
ENSRNOG00000003109;Btbd17;244.6418587;0.335606936;-1.575155561;0.503352647;-3.129328054;0.001752066;0.924256347;BTB domain containing 17;;;
ENSRNOG00000020393;Rhog;767.7872525;0.392652868;-1.348673661;0.431018233;-3.129040854;0.001753779;0.924256347;ras homolog family member G;;;
ENSRNOG00000060775;Lmo7;5217.866231;1.546691153;0.629185145;0.201230751;3.126684869;0.001767893;0.924256347;LIM domain 7;;;
ENSRNOG00000012206;Dennd5a;21831.77484;0.737843179;-0.438613876;0.140804742;-3.115050467;0.001839134;0.924256347;DENN domain containing 5A;;;
ENSRNOG00000008517;Cdc42ep1;507.5190411;0.325948609;-1.617283578;0.520033943;-3.109957724;0.001871141;0.924256347;CDC42 effector protein 1;;;
ENSRNOG00000001960;Sult1d1;517.367611;0.489346597;-1.031071428;0.332757654;-3.098565627;0.001944599;0.924256347;sulfotransferase family 1D; member 1;;
ENSRNOG00000017601;Srd5a1;711.8406185;0.5428014;-0.881503652;0.284839856;-3.094734231;0.001969893;0.924256347;steroid 5 alpha-reductase 1;;;
ENSRNOG00000070474;Tma7b;2005.786262;0.654250974;-0.612083927;0.197826817;-3.094039207;0.001974514;0.924256347;translation machinery associated 7B;;;
ENSRNOG00000024693;Zfp831;1596.154581;1.557456275;0.639191661;0.207018005;3.087613859;0.002017705;0.924256347;zinc finger protein 831;;;
ENSRNOG00000009533;Erich3;2440.205167;1.49109866;0.576375718;0.189474736;3.041966066;0.002350384;0.966828059;glutamate-rich 3;;;
ENSRNOG00000027017;Rnasel;454.629781;1.919199716;0.940504849;0.31005717;3.033327207;0.002418732;0.966828059;ribonuclease L;;;
ENSRNOG00000060340;Psme4;5375.042259;1.395487064;0.480768751;0.159050094;3.022750491;0.002504887;0.966828059;proteasome activator subunit 4;;;
ENSRNOG00000011623;Rab3c;2950.950389;1.471903389;0.55768298;0.185874567;3.00031892;0.002696971;0.966828059;RAB3C; member RAS oncogene family;;
ENSRNOG00000036964;Ralgapa2;2797.621907;1.492343264;0.577579418;0.192929123;2.993738887;0.002755817;0.966828059;Ral GTPase activating protein catalytic subunit alpha 2;;;
ENSRNOG00000010308;Nr2f2;441.8374627;1.894115354;0.921524195;0.308484238;2.987265089;0.002814855;0.966828059;nuclear receptor subfamily 2; group F; member 2;
ENSRNOG00000052022;Pnma3;1973.486089;1.553998275;0.635984902;0.21298907;2.985997843;0.002826546;0.966828059;PNMA family member 3;;;
ENSRNOG00000018841;Sox8;1446.107068;0.496671779;-1.009635321;0.338205529;-2.985271485;0.002833267;0.966828059;SRY-box transcription factor 8;;;
ENSRNOG00000014761;Rasd2;3555.88034;0.606768702;-0.720781424;0.241718957;-2.981898616;0.002864668;0.966828059;RASD family; member 2;;
ENSRNOG00000023896;Dusp6;1106.767867;0.528459096;-0.920136286;0.308714932;-2.980537028;0.002877434;0.966828059;dual specificity phosphatase 6;;;
ENSRNOG00000002511;Flt4;133.7336585;2.825358725;1.498434053;0.502982358;2.97909863;0.002890977;0.966828059;Fms related receptor tyrosine kinase 4;;;
ENSRNOG00000048297;Qki;22830.16363;0.651731846;-0.617649603;0.207564614;-2.975697977;0.002923226;0.966828059;QKI; KH domain containing RNA binding;;
ENSRNOG00000026044;Prrg1;789.2271834;0.445873705;-1.165292976;0.392489544;-2.968978395;0.002987916;0.966828059;proline rich and Gla domain 1;;;
ENSRNOG00000050805;Tsc22d4;2309.750748;0.574481472;-0.799667732;0.269577992;-2.966368747;0.00301339;0.966828059;TSC22 domain family; member 4;;
ENSRNOG00000011321;Rftn1;274.2688071;2.223254073;1.152672829;0.388626589;2.966016383;0.003016844;0.966828059;raftlin lipid raft linker 1;;;
ENSRNOG00000027233;Trpc5;4431.948709;1.37813352;0.46271567;0.156122786;2.96379331;0.003038723;0.966828059;transient receptor potential cation channel; subfamily C; member 5;
ENSRNOG00000048431;Nynrin;749.9099457;1.666671653;0.736969911;0.248856101;2.961429951;0.003062141;0.966828059;NYN domain and retroviral integrase containing;;;
ENSRNOG00000060098;Ptms;13104.79357;0.737765771;-0.438765238;0.148161026;-2.96140794;0.00306236;0.966828059;parathymosin;;;
ENSRNOG00000054890;Flna;2072.938894;1.532566051;0.615949253;0.208856852;2.94914554;0.003186539;0.966828059;filamin A;;;
ENSRNOG00000022099;Trim72;18.3686179;0.00874614;-6.837137907;2.322542894;-2.943815559;0.003241931;0.966828059;tripartite motif containing 72;;;
ENSRNOG00000038068;Pcdh9;21407.49896;0.675243802;-0.566519603;0.192485452;-2.943181409;0.00324858;0.966828059;protocadherin 9;;;
ENSRNOG00000001911;Map6d1;551.4234973;0.445503652;-1.166490837;0.396412313;-2.942620091;0.003254475;0.966828059;MAP6 domain containing 1;;;
ENSRNOG00000028648;Olig1;2081.193631;0.410437404;-1.284765882;0.437170881;-2.93881852;0.003294659;0.966828059;oligodendrocyte transcription factor 1;;;
ENSRNOG00000002935;Ankrd40;6784.566235;0.659618771;-0.60029564;0.204771399;-2.931540455;0.003372854;0.974547341;ankyrin repeat domain 40;;;
ENSRNOG00000010983;Otog;122.7931855;9.202063754;3.201957452;1.100382019;2.909859846;0.003615909;0.999244754;otogelin;;;
ENSRNOG00000011659;Alpk3;316.7164545;1.949988804;0.963465841;0.331573648;2.905737072;0.003663892;0.999244754;alpha-kinase 3;;;
ENSRNOG00000010389;Ndrg2;38279.30773;0.651249364;-0.618718037;0.213038792;-2.904250593;0.003681334;0.999244754;NDRG family member 2;;;
ENSRNOG00000031065;RT1-M1-2;87.60724083;0.056655667;-4.141635917;1.429318921;-2.897628972;0.003759951;0.999244754;RT1 class I; locus M1; gene 2;
ENSRNOG00000009057;NA;11628.59076;0.739726268;-0.434936588;0.150594428;-2.888132006;0.003875372;0.999244754;NA;;;
ENSRNOG00000020060;Atf5;1383.269176;0.625376029;-0.677204173;0.235154475;-2.879826853;0.003978936;0.999244754;activating transcription factor 5;;;
ENSRNOG00000066585;Prdx6;6561.054444;0.730941362;-0.45217242;0.157947728;-2.862797882;0.004199183;0.999244754;peroxiredoxin 6;;;
ENSRNOG00000069969;Rpl21;66.10844848;0.268717355;-1.895838597;0.663021912;-2.859390561;0.004244558;0.999244754;ribosomal protein L21;;;
ENSRNOG00000015746;Kcng4;236.2785877;0.365284357;-1.452908124;0.509770053;-2.850124513;0.004370212;0.999244754;potassium voltage-gated channel modifier subfamily G member 4;;;
ENSRNOG00000007367;Septin4;5367.293239;0.468864061;-1.092758397;0.385907774;-2.831656863;0.004630751;0.999244754;septin 4;;;
ENSRNOG00000019885;Magi3;4738.957586;1.462829693;0.548761816;0.194029325;2.828241637;0.004680446;0.999244754;membrane associated guanylate kinase; WW and PDZ domain containing 3;;
ENSRNOG00000000168;Gatm;6183.631527;0.659290046;-0.601014794;0.212855855;-2.82357652;0.004749109;0.999244754;glycine amidinotransferase;;;
ENSRNOG00000001795;Itgb5;1306.175148;0.664290328;-0.590114185;0.208999404;-2.823520898;0.004749933;0.999244754;integrin subunit beta 5;;;
ENSRNOG00000053691;Lama5;364.7422298;2.110101383;1.077312317;0.381872178;2.821133295;0.004785431;0.999244754;laminin subunit alpha 5;;;
ENSRNOG00000013920;Arhgap26;5299.4428;1.385413611;0.470316752;0.166820557;2.819297343;0.004812891;0.999244754;Rho GTPase activating protein 26;;;
ENSRNOG00000006779;Crot;1534.754799;0.671261788;-0.575052577;0.20424875;-2.815452119;0.004870865;0.999244754;carnitine O-octanoyltransferase;;;
ENSRNOG00000043304;Apcdd1;991.6218984;1.981675902;0.986721033;0.351015515;2.811046777;0.004938061;0.999244754;APC down-regulated 1;;;
ENSRNOG00000013042;Htr1b;1164.316452;1.777153796;0.829568539;0.295555927;2.806807314;0.005003516;0.999244754;5-hydroxytryptamine receptor 1B;;;
ENSRNOG00000014504;Il1r1;222.7931502;2.548089389;1.349415889;0.481636485;2.801731036;0.005082923;0.999244754;interleukin 1 receptor type 1;;;
ENSRNOG00000017459;C1ql3;21036.65734;1.544023103;0.626694339;0.224710046;2.788902196;0.005288703;0.999244754;complement C1q like 3;;;
ENSRNOG00000019677;Arid3b;423.8198395;0.535902137;-0.899958525;0.323139864;-2.785043341;0.005352057;0.999244754;AT-rich interaction domain 3B;;;
ENSRNOG00000029670;RGD1564606;1148.38108;0.639216285;-0.645623931;0.232079773;-2.781905223;0.005404082;0.999244754;similar to 60S ribosomal protein L23a;;;
ENSRNOG00000022619;Fth1;26929.63887;0.572571193;-0.804473006;0.289210871;-2.781613999;0.005408933;0.999244754;ferritin heavy chain 1;;;
ENSRNOG00000001235;Gna12;7481.78205;0.561903463;-0.831605803;0.299325622;-2.778264684;0.005465008;0.999244754;G protein subunit alpha 12;;;
ENSRNOG00000004208;Crim1;5177.66596;1.456548959;0.542554195;0.195865154;2.77003941;0.005604951;0.999244754;cysteine rich transmembrane BMP regulator 1;;;
ENSRNOG00000009318;Ttll5;3205.292478;0.661865207;-0.595390661;0.215234135;-2.766246448;0.005670566;0.999244754;tubulin tyrosine ligase like 5;;;
ENSRNOG00000050231;Gng12;2913.056015;0.635604688;-0.653798329;0.23647753;-2.764737639;0.005696859;0.999244754;G protein subunit gamma 12;;;
ENSRNOG00000005492;Hpcal1;1608.910793;1.735000763;0.794936297;0.288812563;2.752429775;0.005915483;0.999244754;hippocalcin-like 1;;;
ENSRNOG00000019442;Josd2;543.9686307;0.498357954;-1.00474574;0.365074105;-2.752169291;0.005920191;0.999244754;Josephin domain containing 2;;;
ENSRNOG00000015596;Efhd1;1357.977656;0.624474871;-0.679284576;0.247251037;-2.747347738;0.00600794;0.999244754;EF-hand domain family; member D1;;
ENSRNOG00000014686;Kcnd3;6303.797793;1.353203255;0.436378552;0.159072184;2.74327379;0.006082994;0.999244754;potassium voltage-gated channel subfamily D member 3;;;
ENSRNOG00000006060;Matn2;1654.264193;1.615351129;0.691847798;0.252217738;2.743057661;0.006087;0.999244754;matrilin 2;;;
ENSRNOG00000020942;Plekha4;64.22165671;0.268069957;-1.89931855;0.695296548;-2.731666876;0.006301482;0.999244754;pleckstrin homology domain containing A4;;;
ENSRNOG00000019659;Aspa;699.0484036;0.413635476;-1.273568169;0.46790042;-2.721878662;0.006491197;0.999244754;aspartoacylase;;;
ENSRNOG00000015614;Ppp1r16b;9325.823578;0.586398551;-0.770046557;0.2832156;-2.718941182;0.006549125;0.999244754;protein phosphatase 1; regulatory subunit 16B;;
ENSRNOG00000069366;NA;701.7652807;1.631087525;0.7058342;0.259642464;2.718485214;0.006558159;0.999244754;NA;;;
ENSRNOG00000028097;Slc7a14;2522.744334;1.426783155;0.512766088;0.188866467;2.714966267;0.006628252;0.999244754;solute carrier family 7; member 14;;
ENSRNOG00000009227;Aplnr;108.3927971;3.197721659;1.677044367;0.618687601;2.710648094;0.006715185;0.999244754;apelin receptor;;;
ENSRNOG00000032579;Zswim2;49.85795674;4.944371153;2.305787044;0.853671028;2.7010253;0.006912608;0.999244754;zinc finger; SWIM-type containing 2;;
ENSRNOG00000030442;NA;1528.722178;0.668685017;-0.580601304;0.215061548;-2.699698335;0.006940237;0.999244754;NA;;;
ENSRNOG00000052405;Cdh4;3257.16731;1.538906195;0.621905294;0.230945638;2.692864432;0.007084107;0.999244754;cadherin 4;;;
ENSRNOG00000011625;Tnks;4762.185939;1.348409725;0.431258938;0.160376972;2.6890328;0.007165938;0.999244754;tankyrase;;;
ENSRNOG00000018681;Nes;533.2540242;2.151564221;1.105385903;0.411369157;2.687089891;0.007207755;0.999244754;nestin;;;
ENSRNOG00000020460;Banf1;1180.17029;0.639928901;-0.644016472;0.23978556;-2.685801734;0.007235601;0.999244754;BAF nuclear assembly factor 1;;;
ENSRNOG00000023708;Tmem176a;926.0992918;0.655667658;-0.608963362;0.227261113;-2.679575725;0.007371553;0.999244754;transmembrane protein 176A;;;
ENSRNOG00000018366;Cracdl;13157.16786;1.44983556;0.535889279;0.200031646;2.679022496;0.007383743;0.999244754;CRACD like;;;
ENSRNOG00000018584;Ptma;11829.64635;0.673695295;-0.569831871;0.213170158;-2.673131533;0.007514678;0.999244754;prothymosin alpha;;;
ENSRNOG00000014840;Gna14;472.6794502;0.530609336;-0.914278034;0.342073578;-2.672752571;0.007523172;0.999244754;G protein subunit alpha 14;;;
ENSRNOG00000026319;Akap9;8844.888527;1.381244642;0.465968869;0.174464105;2.670858104;0.007565762;0.999244754;A-kinase anchoring protein 9;;;
ENSRNOG00000020698;Rnd2;2579.950475;0.717359122;-0.479232558;0.179502809;-2.669777482;0.007590153;0.999244754;Rho family GTPase 2;;;
ENSRNOG00000042519;Peak1;2811.720165;1.410719449;0.496431107;0.186421493;2.662949952;0.007745893;0.999244754;pseudopodium-enriched atypical kinase 1;;;
ENSRNOG00000023895;Ube2u;60.96895118;4.213957588;2.075175794;0.779629727;2.66174534;0.007773667;0.999244754;ubiquitin conjugating enzyme E2 U;;;
ENSRNOG00000020325;Calhm2;449.3035558;0.570808289;-0.808921811;0.304540674;-2.656202866;0.007902606;0.999244754;calcium homeostasis modulator family member 2;;;
ENSRNOG00000021569;Tiam1;4230.018129;1.374339438;0.458738369;0.172730074;2.655810639;0.007911803;0.999244754;TIAM Rac1 associated GEF 1;;;
ENSRNOG00000029986;Insr;1718.267583;1.4494453;0.535500889;0.202159306;2.648905461;0.008075292;0.999244754;insulin receptor;;;
ENSRNOG00000018225;Tp53inp2;5045.519243;0.665321266;-0.587876947;0.222259789;-2.644999124;0.008169113;0.999244754;tumor protein p53 inducible nuclear protein 2;;;
ENSRNOG00000016628;Scgn;145.8676253;2.371966145;1.246083418;0.471531625;2.642629575;0.008226498;0.999244754;secretagogin; EF-hand calcium binding protein;;
ENSRNOG00000006729;Slc24a4;1544.986844;1.72098376;0.783233483;0.29675237;2.639350393;0.008306508;0.999244754;solute carrier family 24 member 4;;;
ENSRNOG00000051624;Hspe1;1754.039416;0.707293031;-0.499620049;0.191176897;-2.613391352;0.008964858;0.999244754;heat shock protein family E (Hsp10) member 1;;;
ENSRNOG00000017071;Babam1;2292.010111;0.709366998;-0.495395882;0.189680857;-2.611733677;0.00900844;0.999244754;BRISC and BRCA1 A complex member 1;;;
ENSRNOG00000054371;Prkcg;12685.5019;1.32598763;0.407067316;0.156540282;2.600399782;0.009311521;0.999244754;protein kinase C; gamma;;
ENSRNOG00000013072;Plxna4;10503.39296;1.38790723;0.472911139;0.18226393;2.594650186;0.009468724;0.999244754;plexin A4;;;
ENSRNOG00000070875;Nat8f4;1248.761623;0.688439979;-0.538597216;0.207999747;-2.589412844;0.009613976;0.999244754;N-acetyltransferase 8 (GCN5-related) family member 4;;;
ENSRNOG00000054989;Grhl1;623.7450608;1.692912609;0.7595075;0.294190087;2.581689643;0.009831796;0.999244754;grainyhead-like transcription factor 1;;;
ENSRNOG00000052061;Ppef2;61.06636313;3.767143347;1.913470931;0.742405929;2.57739177;0.009954905;0.999244754;protein phosphatase with EF-hand domain 2;;;
ENSRNOG00000061527;Gck;38.74575185;6.489489814;2.698105062;1.046856689;2.577339468;0.009956412;0.999244754;glucokinase;;;
ENSRNOG00000021215;Rbm8a;1667.34834;0.695866638;-0.523117254;0.202990436;-2.577053693;0.009964647;0.999244754;RNA binding motif protein 8A;;;
ENSRNOG00000018770;Pmaip1;686.8680935;2.082000818;1.057970636;0.41057737;2.576787501;0.009972324;0.999244754;phorbol-12-myristate-13-acetate-induced protein 1;;;
ENSRNOG00000011381;Acsbg1;7580.816299;0.725671615;-0.462611255;0.17961885;-2.575516187;0.010009059;0.999244754;acyl-CoA synthetase bubblegum family member 1;;;
ENSRNOG00000011308;Uhrf2;4853.878805;1.331612276;0.413174076;0.160567511;2.573210942;0.010075978;0.999244754;ubiquitin like with PHD and ring finger domains 2;;;
ENSRNOG00000003223;Degs1;2447.713979;0.649254056;-0.623144974;0.242197215;-2.572882493;0.010085544;0.999244754;delta(4)-desaturase; sphingolipid 1;;
ENSRNOG00000065676;NA;490.8780387;0.451218306;-1.148102497;0.446414714;-2.571829428;0.010116272;0.999244754;NA;;;
ENSRNOG00000014288;Fn1;1969.106983;2.423537642;1.27711449;0.497033726;2.569472499;0.010185348;0.999244754;fibronectin 1;;;
ENSRNOG00000005184;Nop10;1563.95938;0.695681367;-0.523501414;0.203781694;-2.568932488;0.010201233;0.999244754;NOP10 ribonucleoprotein;;;
ENSRNOG00000027309;Cntnap3;1513.400384;1.467306642;0.553170402;0.215521139;2.566664249;0.010268198;0.999244754;contactin associated protein family member 3;;;
ENSRNOG00000027542;LOC100302465;541.8408398;0.369674223;-1.435673646;0.560009189;-2.563660872;0.010357469;0.999244754;hypothetical LOC100302465;;;
ENSRNOG00000003269;NA;893.1453127;0.668066125;-0.581937187;0.227151126;-2.561894353;0.010410298;0.999244754;NA;;;
ENSRNOG00000067131;NA;63.16092867;5.003230768;2.322859996;0.906946492;2.561187475;0.010431505;0.999244754;NA;;;
ENSRNOG00000012383;Ndufc2;2336.995996;0.665814189;-0.58680848;0.229396957;-2.558048227;0.010526149;0.999244754;NADH:ubiquinone oxidoreductase subunit C2;;;
ENSRNOG00000020640;Zbtb7b;318.3192079;0.544210073;-0.877764435;0.343229191;-2.557371164;0.010546662;0.999244754;zinc finger and BTB domain containing 7B;;;
ENSRNOG00000005519;Grm3;9866.105955;0.702585409;-0.50925448;0.199199721;-2.556501979;0.010573047;0.999244754;glutamate metabotropic receptor 3;;;
ENSRNOG00000004198;Stxbp6;7570.908546;1.405013232;0.490583717;0.192102266;2.553763304;0.010656567;0.999244754;syntaxin binding protein 6;;;
ENSRNOG00000011908;Asxl2;1276.949112;1.45443949;0.540463277;0.211688713;2.553103892;0.010676764;0.999244754;ASXL transcriptional regulator 2;;;
ENSRNOG00000005957;Slc4a7;1861.618567;1.455477904;0.541492938;0.212203878;2.551757979;0.010718094;0.999244754;solute carrier family 4 member 7;;;
ENSRNOG00000014061;Dusp5;142.5549583;0.323740198;-1.627091583;0.639094069;-2.545934415;0.010898566;0.999244754;dual specificity phosphatase 5;;;
ENSRNOG00000021719;Slfn5;717.7337215;2.816951257;1.4941346;0.587459814;2.543381803;0.010978519;0.999244754;schlafen family member 5;;;
ENSRNOG00000020533;Htra1;4406.602754;0.607996151;-0.717865904;0.282483825;-2.541263746;0.011045256;0.999244754;HtrA serine peptidase 1;;;
ENSRNOG00000020835;Hipk4;9.881698619;80.63512712;6.333336553;2.499098557;2.534248413;0.011268881;0.999244754;homeodomain interacting protein kinase 4;;;
ENSRNOG00000021316;Tmem98;281.3886406;0.306893502;-1.704189996;0.673235927;-2.531341433;0.011362718;0.999244754;transmembrane protein 98;;;
ENSRNOG00000032300;Rpl39l1;17.83100041;0.008422689;-6.891503457;2.729661795;-2.524673009;0.011580599;0.999244754;ribosomal protein L39 like 1;;;
ENSRNOG00000053753;Thsd4;851.9382479;2.046144673;1.032908155;0.409678017;2.521268195;0.011693269;0.999244754;thrombospondin type 1 domain containing 4;;;
ENSRNOG00000019057;Prkcq;635.362753;0.563248829;-0.828155685;0.328517718;-2.520885903;0.01170598;0.999244754;protein kinase C; theta;;
ENSRNOG00000014171;Tnfsf13;621.3871425;0.521279105;-0.939872063;0.372930645;-2.520232851;0.011727722;0.999244754;TNF superfamily member 13;;;
ENSRNOG00000010872;Ckb;20622.51512;0.722117028;-0.469695433;0.186480875;-2.518732456;0.011777811;0.999244754;creatine kinase B;;;
ENSRNOG00000014293;Nkd1;666.2252871;0.524621946;-0.930649934;0.369611535;-2.517913666;0.011805225;0.999244754;NKD inhibitor of WNT signaling pathway 1;;;
ENSRNOG00000003310;Tmem63a;226.1086245;0.296359955;-1.754577574;0.697578873;-2.515238983;0.011895172;0.999244754;transmembrane protein 63a;;;
ENSRNOG00000005872;Tcf7;205.4539603;2.017742857;1.012742328;0.402672168;2.515054202;0.011901409;0.999244754;transcription factor 7;;;
ENSRNOG00000064961;NA;2440.629783;0.688871268;-0.537693688;0.21408758;-2.511559464;0.012019903;0.999244754;NA;;;
ENSRNOG00000009837;Tmem131l;1412.106566;1.658516892;0.729893706;0.290849217;2.509526118;0.012089328;0.999244754;transmembrane 131 like;;;
ENSRNOG00000065725;NA;15.7057821;0.016242955;-5.944042067;2.373923958;-2.503888993;0.012283657;0.999244754;NA;;;
ENSRNOG00000024577;Gamt;528.3584826;0.585283586;-0.772792275;0.308696911;-2.503401384;0.012300595;0.999244754;guanidinoacetate N-methyltransferase;;;
ENSRNOG00000021138;Cers2;1218.893993;0.540048219;-0.888839867;0.355815994;-2.498032359;0.012488479;0.999244754;ceramide synthase 2;;;
ENSRNOG00000033100;Fth1-ps5;3175.547129;0.632500882;-0.660860603;0.265081536;-2.49304653;0.012665225;0.999244754;ferritin heavy chain 1; pseudogene 5;;
ENSRNOG00000005299;Kif5a;99689.23484;0.691938833;-0.531283584;0.21321989;-2.491716813;0.012712735;0.999244754;kinesin family member 5A;;;
ENSRNOG00000047296;Bptf;6754.640346;1.438621434;0.524687004;0.210792888;2.489111515;0.012806279;0.999244754;bromodomain PHD finger transcription factor;;;
ENSRNOG00000047505;Tubb4a;24175.46213;0.558626856;-0.840043163;0.337636062;-2.488013747;0.012845877;0.999244754;tubulin; beta 4A class IVa;;
ENSRNOG00000001430;Polr2j;478.0690147;0.603721956;-0.728043824;0.292860994;-2.485970613;0.012919863;0.999244754;RNA polymerase II subunit J;;;
ENSRNOG00000020140;Pigq;3103.466869;0.73829783;-0.437725177;0.176103213;-2.485617215;0.012932699;0.999244754;phosphatidylinositol glycan anchor biosynthesis; class Q;;
ENSRNOG00000062002;Kcna3;4546.15086;1.39064955;0.4757589;0.191632978;2.482656716;0.013040669;0.999244754;potassium voltage-gated channel subfamily A member 3;;;
ENSRNOG00000021153;Fkbp2;2847.369784;0.729602478;-0.454817466;0.183289319;-2.481418281;0.013086071;0.999244754;FKBP prolyl isomerase 2;;;
ENSRNOG00000015787;P3h4;221.820506;0.496210562;-1.010975651;0.407496399;-2.480943766;0.013103504;0.999244754;prolyl 3-hydroxylase family member 4;;;
ENSRNOG00000051170;Ddx17;22713.1052;1.284394082;0.361087923;0.145563745;2.480617153;0.013115516;0.999244754;DEAD-box helicase 17;;;
ENSRNOG00000015380;Jup;2070.972968;0.738490205;-0.43734931;0.176560727;-2.477047515;0.013247426;0.999244754;junction plakoglobin;;;
ENSRNOG00000021589;Nexmif;5075.515126;1.380511491;0.465202897;0.188151516;2.472490832;0.013417516;0.999244754;neurite extension and migration factor;;;
ENSRNOG00000018110;Svil;839.9277576;1.486604925;0.572021293;0.231526518;2.470651302;0.013486725;0.999244754;supervillin;;;
ENSRNOG00000012722;Ppdpf;845.7024295;0.658546299;-0.602643223;0.244201662;-2.467809668;0.013594258;0.999244754;pancreatic progenitor cell differentiation and proliferation factor;;;
ENSRNOG00000060571;Peds1;1621.048395;0.711393119;-0.491281075;0.199125611;-2.467191804;0.013617739;0.999244754;plasmanylethanolamine desaturase 1;;;
ENSRNOG00000015133;Kmt2a;9528.485926;1.434705789;0.520754918;0.211085488;2.46703325;0.013623771;0.999244754;lysine methyltransferase 2A;;;
ENSRNOG00000015385;Pink1;6315.912049;0.735059658;-0.44406675;0.180023242;-2.466718988;0.013635732;0.999244754;PTEN induced kinase 1;;;
ENSRNOG00000001242;Gstt3;1362.757705;0.49817181;-1.005284708;0.408622872;-2.460177283;0.01388684;0.999244754;glutathione S-transferase; theta 3;;
ENSRNOG00000001156;Msi1;1403.868384;0.709950299;-0.494210065;0.200910324;-2.459854004;0.013899354;0.999244754;musashi RNA-binding protein 1;;;
ENSRNOG00000056658;Xylt1;6032.437207;1.362572902;0.446333421;0.181641165;2.457226157;0.014001451;0.999244754;xylosyltransferase 1;;;
ENSRNOG00000000894;Fry;14725.37141;1.330168846;0.411609387;0.167583739;2.456141564;0.014043782;0.999244754;FRY microtubule binding protein;;;
ENSRNOG00000016189;Frmd5;5012.367647;0.717732431;-0.478481985;0.194909526;-2.454892766;0.014092662;0.999244754;FERM domain containing 5;;;
ENSRNOG00000027791;Cox7a2;592.7560015;0.61656541;-0.697674141;0.284396975;-2.453170046;0.014160338;0.999244754;cytochrome c oxidase subunit 7A2;;;
ENSRNOG00000018795;Rpl18a;5559.400292;0.660995028;-0.597288675;0.24363384;-2.451583394;0.014222923;0.999244754;ribosomal protein L18A;;;
ENSRNOG00000019873;B3gat3;4772.345115;0.737339549;-0.439598953;0.179397078;-2.450424263;0.014268798;0.999244754;beta-1;3-glucuronyltransferase 3;;
ENSRNOG00000002767;Dlg3;6480.440855;1.305281576;0.384361059;0.157083346;2.44686065;0.014410654;0.999244754;discs large MAGUK scaffold protein 3;;;
ENSRNOG00000001376;Mettl7a;1523.242585;0.51628705;-0.953754684;0.390047663;-2.44522599;0.01447614;0.999244754;methyltransferase like 7A;;;
ENSRNOG00000001830;Bmal2;305.1841799;1.906333185;0.930800293;0.380744728;2.444683339;0.014497937;0.999244754;basic helix-loop-helix ARNT like 2;;;
ENSRNOG00000066953;NA;1736.376556;0.60817134;-0.717450263;0.293570845;-2.443874366;0.014530486;0.999244754;NA;;;
ENSRNOG00000023299;Hfm1;1008.346188;1.768302788;0.82236533;0.33913245;2.424908995;0.015312225;0.999244754;helicase for meiosis 1;;;
ENSRNOG00000048433;NA;4293.541857;0.536624202;-0.898015974;0.370586351;-2.423230028;0.015383183;0.999244754;NA;;;
ENSRNOG00000031364;Kif1c;4326.387743;0.583432305;-0.777362824;0.320993518;-2.42173994;0.0154464;0.999244754;kinesin family member 1C;;;
ENSRNOG00000011478;Ackr4;13.83177951;0.027470971;-5.185948286;2.142244619;-2.420801173;0.015486345;0.999244754;atypical chemokine receptor 4;;;
ENSRNOG00000036691;Mcrip1;1574.038928;0.707195211;-0.499819589;0.20654001;-2.419964971;0.015522002;0.999244754;MAPK regulated co-repressor interacting protein 1;;;
ENSRNOG00000018454;Apoe;59673.87317;0.737954428;-0.438396368;0.18140697;-2.416645674;0.015664257;0.999244754;apolipoprotein E;;;
ENSRNOG00000000491;Spdef;12.49987488;0.014212444;-6.13670149;2.541658635;-2.41444756;0.015759091;0.999244754;SAM pointed domain containing ets transcription factor;;;
ENSRNOG00000004206;Glrx5;787.8270798;0.639831672;-0.644235686;0.267147578;-2.411534822;0.015885535;0.999244754;glutaredoxin 5;;;
ENSRNOG00000042623;Sh2d4b;45.48084862;0.251083536;-1.993760664;0.82705292;-2.410680882;0.015922774;0.999244754;SH2 domain containing 4B;;;
ENSRNOG00000006828;Baz1a;223.8317463;0.538164011;-0.893882179;0.37100471;-2.409355337;0.01598073;0.999244754;bromodomain adjacent to zinc finger domain; 1A;;
ENSRNOG00000029698;Pim3;564.5527699;0.531375347;-0.912196799;0.378919329;-2.407364123;0.01606814;0.999244754;Pim-3 proto-oncogene; serine/threonine kinase;;
ENSRNOG00000031439;NA;189.0264858;0.466542251;-1.099920355;0.457067698;-2.406471427;0.016107464;0.999244754;NA;;;
ENSRNOG00000047799;Gnb5;5260.862597;0.764525368;-0.387363723;0.160986129;-2.406193165;0.016119739;0.999244754;G protein subunit beta 5;;;
ENSRNOG00000064233;Serf2;2442.866021;0.743133481;-0.428306726;0.178153315;-2.404146825;0.016210261;0.999244754;small EDRK-rich factor 2;;;
ENSRNOG00000034180;Rpl37l1;3986.278543;0.727579272;-0.458823652;0.190880691;-2.403719575;0.016229217;0.999244754;ribosomal protein L37-like 1;;;
ENSRNOG00000020289;Akt1s1;1682.797942;0.71418807;-0.48562406;0.20203933;-2.403611522;0.016234015;0.999244754;AKT1 substrate 1;;;
ENSRNOG00000027694;Rps7-ps23;8857.303508;0.744818973;-0.425038271;0.177035118;-2.400869812;0.016356154;0.999244754;ribosomal protein S7; pseudogene 23;;
ENSRNOG00000021272;Mcm8;215.384901;1.944418566;0.959338815;0.399604115;2.400723063;0.016362715;0.999244754;minichromosome maintenance 8 homologous recombination repair factor;;;
ENSRNOG00000017725;Pnlip;139.1064013;0.355256239;-1.493068109;0.622239222;-2.399508192;0.016417112;0.999244754;pancreatic lipase;;;
ENSRNOG00000001700;Whrn;2218.209782;0.705251015;-0.503791257;0.209968619;-2.399364526;0.016423556;0.999244754;whirlin;;;
ENSRNOG00000012728;Nkx2-2;91.17345637;0.331417675;-1.59327755;0.665429121;-2.394361022;0.016649352;0.999244754;NK2 homeobox 2;;;
ENSRNOG00000017079;Pgm2l1;32838.75943;1.449714222;0.535768534;0.223968613;2.392159005;0.016749584;0.999244754;phosphoglucomutase 2-like 1;;;
ENSRNOG00000064485;Znf431l-ps8;569.4641744;1.578475387;0.658531765;0.275644542;2.389061508;0.016891474;0.999244754;zinc finger protein 431 like; pseudogene 8;;
ENSRNOG00000028845;Ebf1;344.5884286;2.652906519;1.40757384;0.589617916;2.387264364;0.01697428;0.999244754;EBF transcription factor 1;;;
ENSRNOG00000006639;Scn9a;635.6102019;2.246238312;1.167510997;0.489346677;2.385856595;0.017039394;0.999244754;sodium voltage-gated channel alpha subunit 9;;;
ENSRNOG00000018969;Gpatch4;789.2218559;0.569936234;-0.811127579;0.340033929;-2.385431304;0.017059108;0.999244754;G patch domain containing 4;;;
ENSRNOG00000052017;Dio3;33.0811228;11.9488006;3.578793905;1.500532543;2.385015854;0.017078385;0.999244754;iodothyronine deiodinase 3;;;
ENSRNOG00000016368;Ppp1r14c;1281.39939;1.603794026;0.68148887;0.285796693;2.384523285;0.017101266;0.999244754;protein phosphatase 1; regulatory (inhibitor) subunit 14c;;
ENSRNOG00000027859;Tmem26;65.19123587;3.955500528;1.983860265;0.83247043;2.383099978;0.017167531;0.999244754;transmembrane protein 26;;;
ENSRNOG00000042094;Prr13;1039.40673;0.70573973;-0.502791865;0.211193589;-2.380715567;0.017279048;0.999244754;proline rich 13;;;
ENSRNOG00000020851;Aplp1;39229.00101;0.714937037;-0.484111902;0.203347779;-2.380709075;0.017279352;0.999244754;amyloid beta precursor like protein 1;;;
ENSRNOG00000067799;Selenow;10700.59295;0.731752221;-0.450572876;0.189280236;-2.380453903;0.017291324;0.999244754;selenoprotein W;;;
ENSRNOG00000052613;Casp6;57.69404323;0.293573797;-1.768204889;0.743891465;-2.376966227;0.017455686;0.999244754;caspase 6;;;
ENSRNOG00000068444;Kcnj10;11280.82138;0.675456351;-0.566065552;0.238428609;-2.374151128;0.017589349;0.999244754;potassium inwardly-rectifying channel; subfamily J; member 10;
ENSRNOG00000000700;Tmem119;443.0411541;0.541550734;-0.884831595;0.373104372;-2.371539067;0.017714174;0.999244754;transmembrane protein 119;;;
ENSRNOG00000062279;Cln5;337.2141153;0.607915593;-0.718057071;0.302820151;-2.371232786;0.017728861;0.999244754;CLN5; intracellular trafficking protein;;
ENSRNOG00000007894;Mpdz;6910.70117;1.371489314;0.455743382;0.192296369;2.370005133;0.017787838;0.999244754;multiple PDZ domain crumbs cell polarity complex component;;;
ENSRNOG00000048088;Mest;2337.39394;1.511086494;0.595586242;0.251610604;2.367095155;0.017928323;0.999244754;mesoderm specific transcript;;;
ENSRNOG00000018445;Agt;2400.985862;0.646156377;-0.63004474;0.266221752;-2.366616308;0.017951533;0.999244754;angiotensinogen;;;
ENSRNOG00000011329;Pkm;18264.84626;0.788398296;-0.343003436;0.14499857;-2.365564272;0.018002618;0.999244754;pyruvate kinase M1/2;;;
ENSRNOG00000054155;Srarp;137.6147734;2.831518317;1.501575863;0.635048141;2.36450714;0.018054079;0.999244754;steroid receptor associated and regulated protein;;;
ENSRNOG00000037850;Mtarc1;1456.686153;0.697376671;-0.519989991;0.219985097;-2.363750993;0.018090968;0.999244754;mitochondrial amidoxime reducing component 1;;;
ENSRNOG00000016753;Slc14a1;1733.395151;0.731783004;-0.450512186;0.190713984;-2.362239914;0.018164882;0.999244754;solute carrier family 14 member 1 (Kidd blood group);;;
ENSRNOG00000003276;Myo1d;1878.716713;0.590597993;-0.75975164;0.321846278;-2.360604093;0.018245197;0.999244754;myosin ID;;;
ENSRNOG00000018434;Stab1;152.5820908;2.640748053;1.400946664;0.593804285;2.359273418;0.018310759;0.999244754;stabilin 1;;;
ENSRNOG00000015030;Tjp2;1371.390514;0.601522256;-0.733309978;0.311122204;-2.356983751;0.018424053;0.999244754;tight junction protein 2;;;
ENSRNOG00000068566;Msx1;39.4003275;0.154513969;-2.694190823;1.143239316;-2.356628909;0.018441666;0.999244754;msh homeobox 1;;;
ENSRNOG00000007574;Padi2;2510.251878;0.566957542;-0.818687394;0.347418285;-2.356489076;0.01844861;0.999244754;peptidyl arginine deiminase 2;;;
ENSRNOG00000027012;Usp54;5517.562391;0.552655315;-0.855548126;0.363343707;-2.354652386;0.01854004;0.999244754;ubiquitin specific peptidase 54;;;
ENSRNOG00000002768;Tmem114;47.58159935;0.227703339;-2.134772648;0.908271977;-2.350367184;0.0187549;0.999244754;transmembrane protein 114;;;
ENSRNOG00000014284;Elof1;680.0740027;0.65143543;-0.618305908;0.26340906;-2.3473221;0.018908901;0.999244754;elongation factor 1;;;
ENSRNOG00000017488;Snx24;1704.564004;0.721621234;-0.470686304;0.200726727;-2.344910969;0.019031624;0.999244754;sorting nexin 24;;;
ENSRNOG00000029042;ND6;5628.866627;0.568540578;-0.814664773;0.34765321;-2.343325906;0.01911268;0.999244754;NADH dehydrogenase subunit 6;;;
ENSRNOG00000071050;LOC102555644;715.0377343;1.474353477;0.560082452;0.239051879;2.342932651;0.019132836;0.999244754;zinc finger protein 182-like;;;
ENSRNOG00000028448;Elovl1;1135.410139;0.543906773;-0.878568703;0.375280733;-2.341097279;0.019227157;0.999244754;ELOVL fatty acid elongase 1;;;
ENSRNOG00000020230;Pias4;723.341977;0.676521383;-0.563792561;0.240870626;-2.340644728;0.019250476;0.999244754;protein inhibitor of activated STAT;4;;
ENSRNOG00000067120;Paqr8;10821.67414;0.645506505;-0.63149646;0.269819996;-2.340436101;0.019261234;0.999244754;progestin and adipoQ receptor family member 8;;;
ENSRNOG00000009694;Bmp4;200.2621379;0.361469904;-1.46805256;0.627378311;-2.339979776;0.019284784;0.999244754;bone morphogenetic protein 4;;;
ENSRNOG00000020595;Rps11;7154.889401;0.751331595;-0.412478323;0.176324745;-2.339310482;0.019319371;0.999244754;ribosomal protein S11;;;
ENSRNOG00000024066;Fundc2;618.1444297;0.65718504;-0.605628455;0.259011267;-2.338232087;0.019375212;0.999244754;FUN14 domain containing 2;;;
ENSRNOG00000010881;Trak2;10690.79855;0.696631383;-0.521532627;0.223299992;-2.33556939;0.019513695;0.999244754;trafficking kinesin protein 2;;;
ENSRNOG00000008868;Dusp19;1271.162368;0.597905456;-0.742010719;0.317807548;-2.33478004;0.019554914;0.999244754;dual specificity phosphatase 19;;;
ENSRNOG00000001657;Cldnd1;3444.30585;0.72140175;-0.471125172;0.201818218;-2.334403591;0.019574599;0.999244754;claudin domain containing 1;;;
ENSRNOG00000007089;Lgmn;3502.832759;0.767282729;-0.382169814;0.163768345;-2.333600029;0.019616675;0.999244754;legumain;;;
ENSRNOG00000019584;Dlk1;56.02103771;3.982964397;1.993842584;0.85480028;2.332524487;0.019673116;0.999244754;delta like non-canonical Notch ligand 1;;;
ENSRNOG00000066167;NA;14.11289843;0.020672651;-5.596132769;2.399191122;-2.332508118;0.019673976;0.999244754;NA;;;
ENSRNOG00000012406;Pcbp4;3851.511722;0.720513504;-0.472902625;0.203064558;-2.328828968;0.019868128;0.999244754;poly(rC) binding protein 4;;;
ENSRNOG00000003289;Lap3;1939.772709;0.572729481;-0.804074229;0.346147934;-2.322920782;0.020183409;0.999244754;leucine aminopeptidase 3;;;
ENSRNOG00000019382;Zbtb47;2249.759775;0.715336959;-0.483305113;0.208070514;-2.32279482;0.020190178;0.999244754;zinc finger and BTB domain containing 47;;;
ENSRNOG00000008683;Alk;1215.701699;1.558396955;0.640062764;0.275859303;2.32025078;0.020327315;0.999244754;ALK receptor tyrosine kinase;;;
ENSRNOG00000006816;Ubr5;13207.93011;1.269583704;0.344355516;0.148484069;2.319141151;0.020387384;0.999244754;ubiquitin protein ligase E3 component n-recognin 5;;;
ENSRNOG00000011323;Lgi3;2577.247196;0.521396249;-0.939547891;0.405285478;-2.318237248;0.020436431;0.999244754;leucine-rich repeat LGI family; member 3;;
ENSRNOG00000013914;Gpr132;10.95274834;0.017492515;-5.837118422;2.517926183;-2.318224601;0.020437118;0.999244754;G protein-coupled receptor 132;;;
ENSRNOG00000024707;Tp73;36.01929739;8.652624179;3.113137741;1.343232533;2.317646174;0.020468559;0.999244754;tumor protein p73;;;
ENSRNOG00000032590;Ttc28;1329.284035;1.421629363;0.507545385;0.219177788;2.315678931;0.020575806;0.999244754;tetratricopeptide repeat domain 28;;;
ENSRNOG00000046667;Fosb;969.2132732;1.951331816;0.964459123;0.416607431;2.315031011;0.020611235;0.999244754;FosB proto-oncogene; AP-1 transcription factor subunit;;
ENSRNOG00000057284;Cenpb;2694.188882;0.621099294;-0.687104166;0.297069996;-2.312936933;0.020726107;0.999244754;centromere protein B;;;
ENSRNOG00000006357;Sgip1;19684.54856;1.323546211;0.404408566;0.174918676;2.311980489;0.020778759;0.999244754;SH3GL interacting endocytic adaptor 1;;;
ENSRNOG00000005988;Arl8a;6821.67606;0.775956662;-0.365952016;0.158410331;-2.310152465;0.020879715;0.999244754;ADP-ribosylation factor like GTPase 8A;;;
ENSRNOG00000062640;LOC102546946;68.28062356;0.357095317;-1.485618881;0.64311639;-2.310031128;0.020886431;0.999244754;uncharacterized LOC102546946;;;
ENSRNOG00000066932;Pfdn2;3622.706146;0.720528575;-0.472872447;0.204990677;-2.306799773;0.021065985;0.999244754;prefoldin subunit 2;;;
ENSRNOG00000005007;Scn3a;4011.07226;1.320072388;0.400617044;0.173811119;2.304898824;0.021172241;0.999244754;sodium voltage-gated channel alpha subunit 3;;;
ENSRNOG00000004564;Lrriq1;548.900004;1.649131444;0.721706394;0.313422523;2.302662827;0.021297821;0.999244754;leucine-rich repeats and IQ motif containing 1;;;
ENSRNOG00000007324;Plxna2;8765.591936;1.358422592;0.441932357;0.192012124;2.301585689;0.021358548;0.999244754;plexin A2;;;
ENSRNOG00000008806;Clip4;905.2150733;1.555362428;0.637250794;0.276910362;2.301289084;0.021375296;0.999244754;CAP-GLY domain containing linker protein family; member 4;;
ENSRNOG00000064622;NA;54.230275;3.154173402;1.657261975;0.720844963;2.299054663;0.021501835;0.999244754;NA;;;
ENSRNOG00000000151;Ldlrap1;441.7730721;0.365950293;-1.450280395;0.630855086;-2.298912108;0.021509931;0.999244754;low density lipoprotein receptor adaptor protein 1;;;
ENSRNOG00000019723;Rbm12;1373.31321;1.397976875;0.483340496;0.21043615;2.29685107;0.021627267;0.999244754;RNA binding motif protein 12;;;
ENSRNOG00000019350;Lyzl4;53.50988678;0.190170389;-2.394635467;1.043001252;-2.295908525;0.021681112;0.999244754;lysozyme-like 4;;;
ENSRNOG00000033940;Adgrl4;1084.661183;2.065500883;1.046491677;0.455868096;2.295601921;0.021698653;0.999244754;adhesion G protein-coupled receptor L4;;;
ENSRNOG00000017466;Kif5b;13930.92374;0.729805814;-0.45441545;0.198061454;-2.294315426;0.021772387;0.999244754;kinesin family member 5B;;;
ENSRNOG00000000481;Cuta;747.3448605;0.684586689;-0.546694854;0.238289993;-2.294241764;0.021776616;0.999244754;cutA divalent cation tolerance homolog;;;
ENSRNOG00000004676;Pak3;2678.490877;1.418986222;0.504860582;0.22017194;2.293028719;0.021846352;0.999244754;p21 (RAC1) activated kinase 3;;;
ENSRNOG00000013351;Stxbp5;7944.22286;1.356238097;0.439610476;0.191934056;2.290424564;0.021996717;0.999244754;syntaxin binding protein 5;;;
ENSRNOG00000015335;Rpl13;986.4787396;0.707228725;-0.499751223;0.218283955;-2.289454686;0.022052948;0.999244754;ribosomal protein L13;;;
ENSRNOG00000002004;Prdm8;976.4211986;1.680491631;0.748883358;0.327196245;2.288789585;0.022091581;0.999244754;PR/SET domain 8;;;
ENSRNOG00000027357;Sox17;316.1860406;2.648774905;1.405325247;0.614225862;2.2879617;0.022139752;0.999244754;SRY-box transcription factor 17;;;
ENSRNOG00000021004;Rasip1;548.9925599;1.831392354;0.872940904;0.38162984;2.28740212;0.022172363;0.999244754;Ras interacting protein 1;;;
ENSRNOG00000012561;Arhgef10;1326.449203;0.576721222;-0.794053984;0.347557238;-2.284671118;0.022332119;0.999244754;Rho guanine nucleotide exchange factor 10;;;
ENSRNOG00000019811;Timm23;1445.967517;0.721663332;-0.470602143;0.205991819;-2.284567152;0.022338221;0.999244754;translocase of inner mitochondrial membrane 23;;;
ENSRNOG00000021493;Prdm9;52.42277772;0.274689408;-1.864126816;0.817174694;-2.281185197;0.02253749;0.999244754;PR/SET domain 9;;;
ENSRNOG00000025290;Map3k15;98.92853324;2.305792514;1.205262699;0.528711825;2.279621224;0.022630163;0.999244754;mitogen-activated protein kinase kinase kinase 15;;;
ENSRNOG00000011585;Fat3;7205.888311;1.445984159;0.532051748;0.233520129;2.278397798;0.022702887;0.999244754;FAT atypical cadherin 3;;;
ENSRNOG00000033169;Cpeb4;17107.25187;1.304128968;0.383086548;0.16818783;2.277730494;0.02274264;0.999244754;cytoplasmic polyadenylation element binding protein 4;;;
ENSRNOG00000056585;Fscn1;5916.011317;0.713679698;-0.486651361;0.213877858;-2.275370463;0.022883716;0.999244754;fascin actin-bundling protein 1;;;
ENSRNOG00000070011;Carmn;78.0080645;3.668411824;1.875155608;0.824432321;2.274480949;0.022937085;0.999244754;cardiac mesoderm enhancer-associated non-coding RNA;;;
ENSRNOG00000070735;NA;30.4131311;4.494878612;2.168282155;0.95359572;2.273796023;0.022978253;0.999244754;NA;;;
ENSRNOG00000032058;Pogk;1751.847112;0.701728856;-0.511014405;0.224830057;-2.27289185;0.023032698;0.999244754;pogo transposable element derived with KRAB domain;;;
ENSRNOG00000014592;Zbtb46;924.4589302;1.503262241;0.588096706;0.258819827;2.272224325;0.023072965;0.999244754;zinc finger and BTB domain containing 46;;;
ENSRNOG00000002258;Tmem150c;3053.244648;1.377628042;0.462186414;0.203533578;2.270811618;0.023158384;0.999244754;transmembrane protein 150C;;;
ENSRNOG00000010524;Cryab;588.5188368;0.3809891;-1.392178373;0.613613101;-2.268821135;0.023279205;0.999244754;crystallin; alpha B;;
ENSRNOG00000014082;Sp7;32.74087739;0.211438748;-2.241688309;0.988374418;-2.268055777;0.023325807;0.999244754;Sp7 transcription factor;;;
ENSRNOG00000013011;Dnajb4;2409.406393;1.322546729;0.403318697;0.177906177;2.26703032;0.023388374;0.999244754;DnaJ heat shock protein family (Hsp40) member B4;;;
ENSRNOG00000046005;Scd2;136790.2583;0.687444218;-0.540685442;0.238523311;-2.266803361;0.023402241;0.999244754;stearoyl-Coenzyme A desaturase 2;;;
ENSRNOG00000051977;Mmrn2;387.9607979;2.777891175;1.473990082;0.650276682;2.266712192;0.023407813;0.999244754;multimerin 2;;;
ENSRNOG00000003029;Calr;19100.9533;0.765660667;-0.385222948;0.170008057;-2.265909954;0.023456897;0.999244754;calreticulin;;;
ENSRNOG00000001554;RGD1563888;835.1639017;0.423826362;-1.238454769;0.546828438;-2.264795836;0.023525211;0.999244754;similar to DNA segment; Chr 16; ERATO Doi 472; expressed
ENSRNOG00000016810;Stmn1;25469.97833;0.782738702;-0.353397315;0.156164495;-2.262981191;0.023636849;0.999244754;stathmin 1;;;
ENSRNOG00000010091;Efcab14;3935.348041;0.727204984;-0.459566007;0.203129299;-2.26243092;0.023670792;0.999244754;EF-hand calcium binding domain 14;;;
ENSRNOG00000001452;Fzd9;254.3459577;0.542287116;-0.8828712;0.390668582;-2.259898136;0.023827574;0.999244754;frizzled class receptor 9;;;
ENSRNOG00000023360;Fus;7879.266083;1.26233237;0.336091819;0.148782851;2.258941923;0.023886998;0.999244754;Fus RNA binding protein;;;
ENSRNOG00000019212;Tpp1;2775.272407;0.754286683;-0.40681514;0.180174036;-2.257901019;0.023951831;0.999244754;tripeptidyl peptidase 1;;;
ENSRNOG00000045816;Gria1;19982.74563;1.404463913;0.490019556;0.217077477;2.257348677;0.023986296;0.999244754;glutamate ionotropic receptor AMPA type subunit 1;;;
ENSRNOG00000038499;LOC685351;21.26188276;8.652561581;3.113127304;1.379211537;2.25717899;0.023996893;0.999244754;similar to flavin containing monooxygenase 5;;;
ENSRNOG00000007726;Mcam;893.9818158;0.419820437;-1.252155694;0.554831654;-2.256820938;0.024019266;0.999244754;melanoma cell adhesion molecule;;;
ENSRNOG00000001192;Gltp;1144.744777;0.541494228;-0.884982135;0.392208449;-2.256407627;0.024045114;0.999244754;glycolipid transfer protein;;;
ENSRNOG00000002520;Litaf;735.9763958;0.511625856;-0.966838918;0.428563128;-2.25600117;0.024070558;0.999244754;lipopolysaccharide-induced TNF factor;;;
ENSRNOG00000002928;Guk1;3281.639226;0.726300067;-0.461362381;0.204662553;-2.254258902;0.024179885;0.999244754;guanylate kinase 1;;;
ENSRNOG00000063339;NA;1191.139015;0.595025816;-0.748975833;0.332559181;-2.252158039;0.024312287;0.999244754;NA;;;
ENSRNOG00000067077;Aph1bl2;515.7891263;1.845133372;0.883725103;0.392428415;2.25193964;0.024326087;0.999244754;aph-1 homolog B; gamma secretase subunit like 2;;
ENSRNOG00000007657;Col27a1;1237.712156;1.639169644;0.712965172;0.316806229;2.250477127;0.024418674;0.999244754;collagen type XXVII alpha 1 chain;;;
ENSRNOG00000016281;Col4a1;2259.0796;1.698381309;0.7641604;0.339816535;2.248744016;0.024528787;0.999244754;collagen type IV alpha 1 chain;;;
ENSRNOG00000011815;Sgk1;2601.0048;0.582197466;-0.780419534;0.34707404;-2.248567872;0.024540002;0.999244754;serum/glucocorticoid regulated kinase 1;;;
ENSRNOG00000031669;Lpp;615.5769244;1.47533883;0.561046325;0.249573548;2.248019992;0.024574915;0.999244754;LIM domain containing preferred translocation partner in lipoma;;;
ENSRNOG00000023116;Agmo;167.5418957;0.32283027;-1.631152235;0.725628911;-2.247915167;0.0245816;0.999244754;alkylglycerol monooxygenase;;;
ENSRNOG00000012748;Vamp8;218.6294007;0.502164018;-0.993769436;0.442369522;-2.24646904;0.02467398;0.999244754;vesicle-associated membrane protein 8;;;
ENSRNOG00000014004;Ncoa7;5566.220568;1.292242379;0.369876694;0.16470981;2.245626376;0.02472795;0.999244754;nuclear receptor coactivator 7;;;
ENSRNOG00000008564;Tmem222;1564.055521;0.73957168;-0.435238113;0.193962884;-2.243924736;0.024837244;0.999244754;transmembrane protein 222;;;
ENSRNOG00000030759;Nhs;391.7384968;1.683844468;0.751758887;0.335054216;2.243693262;0.024852144;0.999244754;NHS actin remodeling regulator;;;
ENSRNOG00000020673;Pbxip1;2056.394534;0.704821968;-0.504669205;0.224932238;-2.24364995;0.024854933;0.999244754;PBX homeobox interacting protein 1;;;
ENSRNOG00000059507;Lamc3;190.1791301;2.439662152;1.286681375;0.573826722;2.24228208;0.024943147;0.999244754;laminin subunit gamma 3;;;
ENSRNOG00000018297;Ocln;843.3938708;2.007021106;1.005055788;0.448777613;2.239540833;0.025120748;0.999244754;occludin;;;
ENSRNOG00000009266;Anp32b;2251.560948;0.71664812;-0.480663178;0.214690414;-2.238866512;0.025164603;0.999244754;acidic nuclear phosphoprotein 32 family member B;;;
ENSRNOG00000027873;RT1-M1-4;12.25815551;0.032531053;-4.942038647;2.207951187;-2.238291623;0.025202044;0.999244754;RT1 class I; locus M1; gene 4;
ENSRNOG00000013971;Psat1;6058.138727;0.645674445;-0.631121167;0.282073472;-2.237435381;0.025257898;0.999244754;phosphoserine aminotransferase 1;;;
ENSRNOG00000060831;Clca1;37.1743109;0.086241227;-3.535478483;1.580201561;-2.23735919;0.025262874;0.999244754;chloride channel accessory 1;;;
ENSRNOG00000020259;RGD1305347;7.626914128;0.012633106;-6.30664675;2.821465723;-2.23523777;0.025401743;0.999244754;similar to RIKEN cDNA 2610528J11;;;
ENSRNOG00000024917;Flacc1;175.5330498;2.26228824;1.177782756;0.527020371;2.234795506;0.025430777;0.999244754;flagellum associated containing coiled-coil domains 1;;;
ENSRNOG00000004873;Prkch;363.0203451;1.686754563;0.754250065;0.337650479;2.233819028;0.025494983;0.999244754;protein kinase C; eta;;
ENSRNOG00000013766;Acaa2;781.379361;0.706538939;-0.501159021;0.224455971;-2.232772059;0.02556398;0.999244754;acetyl-CoA acyltransferase 2;;;
ENSRNOG00000000307;Mical1;333.2549279;1.769312065;0.823188528;0.369196797;2.229674078;0.025769088;0.999244754;microtubule associated monooxygenase; calponin and LIM domain containing 1;;
ENSRNOG00000056214;NA;99.72660721;0.21643867;-2.207969817;0.991264372;-2.227427798;0.025918696;0.999244754;NA;;;
ENSRNOG00000001036;Rsph10b;362.3138785;2.091854222;1.064782316;0.478752009;2.224079057;0.026143126;0.999244754;radial spoke head 10 homolog B;;;
ENSRNOG00000062892;NA;169.835204;1.923847427;0.943994389;0.424735751;2.22254516;0.026246486;0.999244754;NA;;;
ENSRNOG00000049579;LOC102546596;112.0126136;0.241537986;-2.049678001;0.922541718;-2.221772696;0.026298671;0.999244754;pre-mRNA-splicing factor CWC22 homolog;;;
ENSRNOG00000031269;RGD1304694;2642.51153;0.655767141;-0.608744481;0.274600369;-2.21683781;0.026634177;0.999244754;similar to CG9646-PA;;;
ENSRNOG00000021702;Mcmdc2;637.761544;1.712506665;0.776109603;0.350417081;2.214816699;0.026772649;0.999244754;minichromosome maintenance domain containing 2;;;
ENSRNOG00000021053;Lsr;291.1982472;2.433319059;1.2829255;0.579503725;2.213834779;0.026840147;0.999244754;lipolysis stimulated lipoprotein receptor;;;
ENSRNOG00000015794;Fam83d;164.1616976;0.296940299;-1.751755195;0.791315258;-2.213726043;0.02684763;0.999244754;family with sequence similarity 83; member D;;
ENSRNOG00000065326;NA;8.176532438;0.017492333;-5.8371335;2.639176982;-2.211724921;0.026985678;0.999244754;NA;;;
ENSRNOG00000018836;C19h1orf198;5232.850314;0.768167602;-0.380506976;0.172044119;-2.211682552;0.026988607;0.999244754;similar to human chromosome 1 open reading frame 198;;;
ENSRNOG00000016013;Gprc5b;11874.0057;0.709563939;-0.494995403;0.223925977;-2.210531399;0.027068304;0.999244754;G protein-coupled receptor; class C; group 5; member B
ENSRNOG00000059714;Hsp90aa1;55578.38749;0.80133801;-0.319517186;0.144598548;-2.209684604;0.027127059;0.999244754;heat shock protein 90 alpha family class A member 1;;;
ENSRNOG00000033658;Kntc1;178.7236648;1.917208418;0.939007179;0.42498298;2.209517141;0.027138692;0.999244754;kinetochore associated 1;;;
ENSRNOG00000028658;Olig2;709.6060234;0.487144538;-1.037578206;0.470044382;-2.207404758;0.027285794;0.999244754;oligodendrocyte transcription factor 2;;;
ENSRNOG00000020401;Adcy4;121.6582931;3.024487719;1.596690802;0.723369458;2.207296404;0.027293358;0.999244754;adenylate cyclase 4;;;
ENSRNOG00000000648;Jmjd1c;7499.397712;1.373706023;0.458073297;0.207620173;2.206304377;0.027362695;0.999244754;jumonji domain containing 1C;;;
ENSRNOG00000011411;Adgrg6;421.7169962;0.33900201;-1.560634268;0.707388571;-2.206190956;0.027370632;0.999244754;adhesion G protein-coupled receptor G6;;;
ENSRNOG00000021962;Fzd2;307.1336281;0.57025201;-0.810328467;0.367490873;-2.205030186;0.027451976;0.999244754;frizzled class receptor 2;;;
ENSRNOG00000033261;Fam107a;32652.54608;0.616660914;-0.697450688;0.316426225;-2.204149444;0.027513836;0.999244754;family with sequence similarity 107; member A;;
ENSRNOG00000027049;Atp5mf;3456.300581;0.768772254;-0.379371827;0.172250871;-2.202437788;0.027634399;0.999244754;ATP synthase membrane subunit f;;;
ENSRNOG00000070089;LOC108352565;31.32183651;0.123612486;-3.016103619;1.369692863;-2.202029155;0.027663249;0.999244754;uncharacterized LOC108352565;;;
ENSRNOG00000057619;Hic1;56.92694028;3.137777524;1.649743066;0.750005453;2.199641429;0.027832345;0.999244754;HIC ZBTB transcriptional repressor 1;;;
ENSRNOG00000062651;NA;12.23365628;0.018950762;-5.721600298;2.601571007;-2.199286617;0.027857549;0.999244754;NA;;;
ENSRNOG00000011339;Slk;4338.919727;1.398709798;0.484096665;0.220163835;2.198801933;0.027892009;0.999244754;STE20-like kinase;;;
ENSRNOG00000026212;Micall1;1071.328103;0.557203825;-0.843722932;0.384018693;-2.197088184;0.028014149;0.999244754;MICAL-like 1;;;
ENSRNOG00000005960;RGD1311744;1434.59858;1.70952403;0.773594703;0.352114642;2.196996688;0.028020683;0.999244754;similar to RIKEN cDNA 5830475I06;;;
ENSRNOG00000048660;Haspin;55.64617686;0.313930244;-1.671484071;0.76088837;-2.196753344;0.028038067;0.999244754;histone H3 associated protein kinase;;;
ENSRNOG00000002349;Gabra2;8003.240068;1.404116732;0.48966288;0.222918748;2.196598014;0.028049168;0.999244754;gamma-aminobutyric acid type A receptor subunit alpha 2;;;
ENSRNOG00000030266;Plekhg2;279.8858769;2.029724327;1.021283797;0.465010775;2.196258349;0.028073457;0.999244754;pleckstrin homology and RhoGEF domain containing G2;;;
ENSRNOG00000005159;Fam135b;2774.124855;1.297310674;0.375524011;0.171016506;2.195834893;0.028103763;0.999244754;family with sequence similarity 135; member B;;
ENSRNOG00000002210;Hsd17b11;915.4223029;0.698662248;-0.517332908;0.235799061;-2.193956603;0.02823853;0.999244754;hydroxysteroid (17-beta) dehydrogenase 11;;;
ENSRNOG00000005569;Phospho1;492.426534;0.523495902;-0.933749851;0.425885708;-2.192489284;0.028344196;0.999244754;phosphoethanolamine/phosphocholine phosphatase 1;;;
ENSRNOG00000020136;Tgm1;9.929881355;0.020672826;-5.596120582;2.553140466;-2.191857698;0.028389783;0.999244754;transglutaminase 1;;;
ENSRNOG00000038445;Rnf225;8.041795524;0.01894973;-5.72167889;2.612294856;-2.190288312;0.028503334;0.999244754;ring finger protein 225;;;
ENSRNOG00000015603;Prkce;11034.67906;1.313871376;0.393824047;0.179988284;2.188053789;0.028665684;0.999244754;protein kinase C; epsilon;;
ENSRNOG00000016670;Pip4k2a;4173.693517;0.731496504;-0.451077126;0.206274987;-2.186775685;0.028758903;0.999244754;phosphatidylinositol-5-phosphate 4-kinase type 2 alpha;;;
ENSRNOG00000033251;Slc25a52;37.59489819;0.241846577;-2.047835977;0.93646397;-2.186774977;0.028758955;0.999244754;solute carrier family 25; member 52;;
ENSRNOG00000026306;Clec5a;25.571004;0.16264623;-2.620190715;1.198694088;-2.185871058;0.02882504;0.999244754;C-type lectin domain containing 5A;;;
ENSRNOG00000045829;Thbs1;214.4039071;3.136756116;1.649273364;0.75465557;2.185465036;0.028854767;0.999244754;thrombospondin 1;;;
ENSRNOG00000014797;Tmbim1;494.3473257;0.41983268;-1.252113624;0.573726992;-2.182420631;0.029078503;0.999244754;transmembrane BAX inhibitor motif containing 1;;;
ENSRNOG00000012645;Mecom;421.3948218;2.334846645;1.223327795;0.561323289;2.179364046;0.029304635;0.999244754;MDS1 and EVI1 complex locus;;;
ENSRNOG00000014347;Slc4a2;763.3788577;0.659591531;-0.60035522;0.275480208;-2.179304369;0.029309065;0.999244754;solute carrier family 4 member 2;;;
ENSRNOG00000051922;NA;679.6357502;1.862806382;0.89747773;0.412002654;2.178329973;0.029381479;0.999244754;NA;;;
ENSRNOG00000021244;Hspa12b;290.6694322;2.514814542;1.330452011;0.611207041;2.176761591;0.02949836;0.999244754;heat shock protein family A (Hsp70) member 12B;;;
ENSRNOG00000004730;Meis2;6990.992301;1.408625648;0.494288257;0.227222176;2.175352184;0.029603735;0.999244754;Meis homeobox 2;;;
ENSRNOG00000011040;Tomm70-ps1;1960.327104;1.345436269;0.428074054;0.196810771;2.175054;0.02962607;0.999244754;translocase of outer mitochondrial membrane 70; pseudogene 1;;
ENSRNOG00000063592;Lyve1;18.48515492;0.107489301;-3.217735028;1.47944011;-2.174968089;0.029632508;0.999244754;lymphatic vessel endothelial hyaluronan receptor 1;;;
ENSRNOG00000025742;Lmnb2;564.5149516;1.465655134;0.55154568;0.254020349;2.171265734;0.029911091;0.999244754;lamin B2;;;
ENSRNOG00000010794;Dennd3;606.7282112;1.509590802;0.594157537;0.273886218;2.169359019;0.030055438;0.999244754;DENN domain containing 3;;;
ENSRNOG00000016220;Rpl12;2027.489522;0.722801192;-0.468329209;0.215895249;-2.169242773;0.030064257;0.999244754;ribosomal protein L12;;;
ENSRNOG00000011619;Myo9a;7892.200194;1.262814102;0.336642276;0.155190269;2.169222836;0.03006577;0.999244754;myosin IXA;;;
ENSRNOG00000028158;Tex22;3041.0385;0.601197421;-0.734089274;0.338512248;-2.168575227;0.030114948;0.999244754;testis expressed 22;;;
ENSRNOG00000009219;Hepacam;2457.852131;0.669075077;-0.579759991;0.267443909;-2.16778162;0.030175306;0.999244754;hepatic and glial cell adhesion molecule;;;
ENSRNOG00000015845;Niban2;1738.955693;0.729456419;-0.455106307;0.210066582;-2.166485991;0.030274069;0.999244754;niban apoptosis regulator 2;;;
ENSRNOG00000010282;Ninj2;184.1835988;0.298181963;-1.745735101;0.806166746;-2.165476447;0.030351217;0.999244754;ninjurin 2;;;
ENSRNOG00000010853;Chrna7;998.3977469;1.430338214;0.516356324;0.238507471;2.164948213;0.030391651;0.999244754;cholinergic receptor nicotinic alpha 7 subunit;;;
ENSRNOG00000002730;Rgs5;2237.143234;1.990595185;0.993199859;0.458850168;2.16454069;0.030422877;0.999244754;regulator of G-protein signaling 5;;;
ENSRNOG00000018524;Ezr;3321.131212;0.716538347;-0.480884179;0.222511377;-2.1611667;0.030682465;0.999244754;ezrin;;;
ENSRNOG00000010217;Prrc2b;27920.87236;1.295729679;0.373764768;0.173204228;2.157942526;0.030932301;0.999244754;proline-rich coiled-coil 2B;;;
ENSRNOG00000025473;Tppp2;17.82333686;7.725499085;2.949628137;1.36699136;2.15775185;0.03094713;0.999244754;tubulin polymerization-promoting protein family member 2;;;
ENSRNOG00000022730;Zfp57;1054.715784;1.412460531;0.498210554;0.230957325;2.157154156;0.030993655;0.999244754;zinc finger protein 57;;;
ENSRNOG00000020904;Cdc42ep2;492.2502288;0.413308278;-1.274709837;0.590988246;-2.156912334;0.031012496;0.999244754;CDC42 effector protein 2;;;
ENSRNOG00000069239;Slc22a21;208.9335858;1.929731338;0.948400006;0.439977338;2.15556558;0.031117603;0.999244754;solute carrier family 22 (organic cation transporter); member 21;;
ENSRNOG00000009522;Adra1a;2594.217047;1.406921476;0.49254181;0.228627034;2.154346323;0.031213023;0.999244754;adrenoceptor alpha 1A;;;
ENSRNOG00000012804;C1qc;563.3004884;0.664744381;-0.589128417;0.273578663;-2.153415079;0.031286072;0.999244754;complement C1q C chain;;;
ENSRNOG00000056184;Lrp2;101.8608461;2.569778336;1.361643921;0.632737454;2.151988809;0.031398236;0.999244754;LDL receptor related protein 2;;;
ENSRNOG00000002879;Psen2;674.5862975;0.677598962;-0.561496431;0.261138719;-2.150184523;0.031540622;0.999244754;presenilin 2;;;
ENSRNOG00000014243;Pear1;238.866857;2.38467951;1.253795388;0.583168982;2.149969266;0.031557646;0.999244754;platelet endothelial aggregation receptor 1;;;
ENSRNOG00000016863;Pnma8b;28273.38106;1.274729904;0.350191594;0.162941769;2.149182469;0.031619938;0.999244754;PNMA family member 8B;;;
ENSRNOG00000049560;Glul;60741.65561;0.708098744;-0.497977537;0.231726147;-2.148991569;0.031635068;0.999244754;glutamate-ammonia ligase;;;
ENSRNOG00000029152;Tmem69;882.1680773;0.712533049;-0.488971163;0.227843202;-2.146086246;0.031866098;0.999244754;transmembrane protein 69;;;
ENSRNOG00000014361;Edn1;149.222331;2.402550651;1.264566847;0.589408524;2.145484488;0.03191413;0.999244754;endothelin 1;;;
ENSRNOG00000034174;Bpifb4;7.319730076;0.014212892;-6.136656067;2.860568746;-2.145257329;0.031932278;0.999244754;BPI fold containing family B; member 4;;
ENSRNOG00000050190;Eng;1125.540323;2.00965181;1.006945563;0.469548475;2.144497568;0.03199304;0.999244754;endoglin;;;
ENSRNOG00000066159;Cpm;805.0831055;0.455795406;-1.133541711;0.528771684;-2.143726197;0.032054832;0.999244754;carboxypeptidase M;;;
ENSRNOG00000020178;Cope;1459.623743;0.730678854;-0.452690639;0.211278109;-2.14262917;0.032142887;0.999244754;COPI coat complex subunit epsilon;;;
ENSRNOG00000003790;Mael;13.71472484;0.025266539;-5.306628109;2.477685483;-2.141768253;0.032212135;0.999244754;maelstrom spermatogenic transposon silencer;;;
ENSRNOG00000011009;Cmtm4;1680.985886;1.330566829;0.412040973;0.192435172;2.141193671;0.032258423;0.999244754;CKLF-like MARVEL transmembrane domain containing 4;;;
ENSRNOG00000022455;Cptp;904.815609;0.718563854;-0.476811729;0.222695311;-2.141094609;0.032266409;0.999244754;ceramide-1-phosphate transfer protein;;;
ENSRNOG00000031579;LOC100363469;1630.929858;0.704941212;-0.504425144;0.236061818;-2.136834952;0.032611418;0.999244754;ribosomal protein S24-like;;;
ENSRNOG00000061176;Nudt3;9222.660574;0.754304155;-0.406781721;0.190388256;-2.136590404;0.032631321;0.999244754;nudix hydrolase 3;;;
ENSRNOG00000003984;Apln;1152.786679;0.606776305;-0.720763346;0.337466248;-2.135808692;0.03269501;0.999244754;apelin;;;
ENSRNOG00000024125;Slain1;2298.480801;0.52819683;-0.920852451;0.431440654;-2.134366434;0.032812797;0.999244754;SLAIN motif family; member 1;;
ENSRNOG00000016388;Sphkap;6377.296746;1.280575692;0.356792529;0.167180689;2.134173099;0.032828614;0.999244754;SPHK1 interactor; AKAP domain containing;;
ENSRNOG00000012736;Znrd2;777.7417308;0.706339891;-0.501565519;0.235200616;-2.13250087;0.032965693;0.999244754;zinc ribbon domain containing 2;;;
ENSRNOG00000013328;Rbpms;134.2508949;3.182286804;1.670063865;0.783372609;2.131889531;0.033015929;0.999244754;RNA binding protein; mRNA processing factor;;
ENSRNOG00000013516;Sf3b1;14886.92704;1.272114895;0.347228978;0.162962914;2.13072391;0.033111894;0.999244754;splicing factor 3b; subunit 1;;
ENSRNOG00000003228;Mid1ip1;1848.608944;0.660996598;-0.597285248;0.280542267;-2.129038362;0.033251087;0.999244754;MID1 interacting protein 1;;;
ENSRNOG00000057620;Slc6a8;4078.433393;0.718448587;-0.477043175;0.224093706;-2.128766507;0.033273583;0.999244754;solute carrier family 6 member 8;;;
ENSRNOG00000046972;Chrm2;1645.454986;1.419421531;0.505303095;0.237560755;2.127047854;0.033416107;0.999244754;cholinergic receptor; muscarinic 2;;
ENSRNOG00000013089;Kif13b;2264.169169;0.643577015;-0.635815292;0.299001982;-2.126458455;0.033465105;0.999244754;kinesin family member 13B;;;
ENSRNOG00000069578;Hist1h2bq;1497.66691;0.656449805;-0.607243394;0.285727201;-2.125255813;0.033565273;0.999244754;histone cluster 1 H2B family member Q;;;
ENSRNOG00000000156;Megf6;126.5715697;2.821521595;1.496473391;0.705553523;2.120992019;0.033922474;0.999244754;multiple EGF-like-domains 6;;;
ENSRNOG00000031232;Nrp2;2435.178425;1.416316662;0.502143862;0.236851309;2.120080585;0.03399925;0.999244754;neuropilin 2;;;
ENSRNOG00000023312;Lonrf2;8007.245105;1.252467981;0.324773722;0.153239401;2.119387826;0.034057705;0.999244754;LON peptidase N-terminal domain and ring finger 2;;;
ENSRNOG00000019960;Ino80e;1731.580344;0.701657765;-0.51116057;0.241293673;-2.118416794;0.034139785;0.999244754;INO80 complex subunit E;;;
ENSRNOG00000027960;Acot3;379.9797848;1.564038318;0.645275858;0.304934921;2.116110075;0.034335447;0.999244754;acyl-CoA thioesterase 3;;;
ENSRNOG00000010299;Eps15;13792.73238;0.749367245;-0.416255177;0.196760537;-2.115541984;0.034383781;0.999244754;epidermal growth factor receptor pathway substrate 15;;;
ENSRNOG00000066582;LOC108352541;364.4512572;0.57827777;-0.790165452;0.373666143;-2.114629506;0.034461537;0.999244754;uncharacterized LOC108352541;;;
ENSRNOG00000067086;Calm2;49014.16186;0.770132739;-0.376820966;0.17820756;-2.114506066;0.034472067;0.999244754;calmodulin 2;;;
ENSRNOG00000017581;C2h5orf34;162.9959495;0.529755491;-0.916601457;0.433993136;-2.112018326;0.034684877;0.999244754;similar to human chromosome 5 open reading frame 34;;;
ENSRNOG00000003827;Wipi1;2284.221681;0.700838847;-0.51284535;0.243149264;-2.109179116;0.034929124;0.999244754;WD repeat domain; phosphoinositide interacting 1;;
ENSRNOG00000058393;Taf15;4781.437435;1.26531184;0.339492986;0.16103276;2.108223102;0.035011696;0.999244754;TATA-box binding protein associated factor 15;;;
ENSRNOG00000003258;Cdc73;1581.469301;1.365802296;0.449748664;0.213360585;2.107927592;0.035037253;0.999244754;cell division cycle 73;;;
ENSRNOG00000008620;Smad3;2677.373426;1.381581478;0.466320647;0.221317888;2.107017428;0.035116069;0.999244754;SMAD family member 3;;;
ENSRNOG00000050445;Gde1;4644.991909;0.757627251;-0.400439871;0.190149383;-2.105922533;0.035211082;0.999244754;glycerophosphodiester phosphodiesterase 1;;;
ENSRNOG00000006019;G0s2;164.2131395;0.537882652;-0.894636636;0.424974728;-2.105152561;0.03527803;0.999244754;G0/G1switch 2;;;
ENSRNOG00000064984;Plscr2;128.642056;2.437370647;1.285325656;0.610563247;2.105147441;0.035278476;0.999244754;phospholipid scramblase 2;;;
ENSRNOG00000020102;Sirt2;6059.8282;0.675658386;-0.565634092;0.26878488;-2.104411873;0.035342535;0.999244754;sirtuin 2;;;
ENSRNOG00000007097;Gpatch3;127.8297526;0.48890396;-1.032377004;0.490949366;-2.102817676;0.03548171;0.999244754;G patch domain containing 3;;;
ENSRNOG00000008432;Slc22a5;530.5945374;1.507219299;0.591889343;0.28153741;2.102347054;0.035522886;0.999244754;solute carrier family 22 member 5;;;
ENSRNOG00000001047;Map2k7;2154.136441;0.748843423;-0.417264001;0.198520124;-2.101872558;0.035564441;0.999244754;mitogen activated protein kinase kinase 7;;;
ENSRNOG00000025676;Gask1a;150.3680592;0.398578523;-1.327064122;0.631755198;-2.10059866;0.035676212;0.999244754;golgi associated kinase 1A;;;
ENSRNOG00000008754;Flvcr2;182.8233922;2.262053795;1.177633239;0.560782224;2.099983181;0.035730321;0.999244754;FLVCR choline and putative heme transporter 2;;;
ENSRNOG00000014013;Map4k4;8027.312374;0.635021577;-0.655122482;0.312347264;-2.097417065;0.035956672;0.999244754;mitogen-activated protein kinase kinase kinase kinase 4;;;
ENSRNOG00000056135;Tsc22d3;2187.585875;0.641123112;-0.641326676;0.305774389;-2.097385195;0.035959491;0.999244754;TSC22 domain family; member 3;;
ENSRNOG00000000920;Phkg1;150.1953316;0.530616738;-0.914257909;0.436533107;-2.094360986;0.036227835;0.999244754;phosphorylase kinase catalytic subunit gamma 1;;;
ENSRNOG00000050510;Rab1b-ps1;846.0438203;0.690028916;-0.535271275;0.255640288;-2.093845532;0.036273743;0.999244754;RAB1B; member RAS oncogene family; pseudogene 1;
ENSRNOG00000031100;Klhl1;418.4786379;1.946700951;0.961031277;0.459005762;2.093723776;0.036284594;0.999244754;kelch-like family member 1;;;
ENSRNOG00000021916;Slc16a12;165.8091823;1.891120037;0.91924094;0.439504881;2.091537501;0.036479908;0.999244754;solute carrier family 16; member 12;;
ENSRNOG00000071088;NA;8.637896983;0.025266297;-5.306641947;2.539405477;-2.089718241;0.036643117;0.999244754;NA;;;
ENSRNOG00000002276;Phf6;2165.912887;1.30424545;0.383215401;0.183398892;2.089518626;0.036661063;0.999244754;PHD finger protein 6;;;
ENSRNOG00000003747;Get3;2597.063018;0.76542296;-0.385670917;0.184582765;-2.089419978;0.036669934;0.999244754;guided entry of tail-anchored proteins factor 3; ATPase;;
ENSRNOG00000010697;Hadh;876.8262657;0.682740256;-0.550591275;0.263678767;-2.088113815;0.036787569;0.999244754;hydroxyacyl-CoA dehydrogenase;;;
ENSRNOG00000031709;Ppfibp1;6566.003361;1.498350339;0.583374989;0.279488343;2.087296317;0.036861357;0.999244754;PPFIA binding protein 1;;;
ENSRNOG00000019134;Htr4;401.548049;1.820431458;0.864280422;0.414145724;2.086899305;0.036897238;0.999244754;5-hydroxytryptamine receptor 4;;;
ENSRNOG00000004214;Rpl26;5735.943809;0.762934804;-0.390368316;0.187063616;-2.086821184;0.036904302;0.999244754;ribosomal protein L26;;;
ENSRNOG00000012049;Sox7;96.91463067;2.884218349;1.528180388;0.732369176;2.086625759;0.036921977;0.999244754;SRY-box transcription factor 7;;;
ENSRNOG00000005883;Nek10;792.3895976;1.57402035;0.654454193;0.313702062;2.086228535;0.036957927;0.999244754;NIMA-related kinase 10;;;
ENSRNOG00000003975;Pfn1;3226.286616;0.790038979;-0.34000426;0.162996466;-2.085960935;0.036982162;0.999244754;profilin 1;;;
ENSRNOG00000006570;Plekhg3;1935.337855;0.530219425;-0.915338568;0.438940843;-2.085334694;0.03703893;0.999244754;pleckstrin homology and RhoGEF domain containing G3;;;
ENSRNOG00000006444;Fkbp4;5068.447927;0.753536452;-0.408250792;0.195835102;-2.084666067;0.037099623;0.999244754;FKBP prolyl isomerase 4;;;
ENSRNOG00000005608;Tead4;33.74015802;3.708275883;1.890748579;0.907062029;2.084475503;0.037116936;0.999244754;TEA domain transcription factor 4;;;
ENSRNOG00000021035;Rpl18;2758.457929;0.739268621;-0.435829417;0.209122946;-2.084082232;0.037152688;0.999244754;ribosomal protein L18;;;
ENSRNOG00000015142;Timm21;699.4116255;0.702228492;-0.509987563;0.244844252;-2.082906004;0.037259792;0.999244754;translocase of inner mitochondrial membrane 21;;;
ENSRNOG00000017748;Nkx6-2;93.9458473;0.192639921;-2.376021391;1.140965722;-2.082465182;0.0373;0.999244754;NK6 homeobox 2;;;
ENSRNOG00000056228;Atp10a;857.7017748;1.521190885;0.6052012;0.290627704;2.082393353;0.037306555;0.999244754;ATPase phospholipid transporting 10A (putative);;;
ENSRNOG00000012608;Tmem212;22.33630241;76.62283647;6.259702528;3.008633251;2.080580119;0.037472355;0.999244754;transmembrane protein 212;;;
ENSRNOG00000000368;Grik2;10199.1674;1.35468688;0.437959428;0.210519618;2.080373475;0.03749129;0.999244754;glutamate ionotropic receptor kainate type subunit 2;;;
ENSRNOG00000001056;Snapc2;1555.553569;0.671466415;-0.574612854;0.276320828;-2.079513362;0.037570191;0.999244754;small nuclear RNA activating complex; polypeptide 2;;
ENSRNOG00000007443;Jag1;551.7963217;1.604293367;0.681937982;0.32798428;2.07917886;0.037600914;0.999244754;jagged canonical Notch ligand 1;;;
ENSRNOG00000068922;Oas1f;7.144169246;0.022740447;-5.458595584;2.625626951;-2.078968447;0.037620251;0.999244754;2 ' -5 ' oligoadenylate synthetase 1F;;;
ENSRNOG00000014851;NA;506.3800632;1.987534542;0.990979934;0.476711407;2.078783765;0.03763723;0.999244754;NA;;;
ENSRNOG00000019445;Msln;9.178017345;0.022739888;-5.458631037;2.626166364;-2.078554928;0.037658277;0.999244754;mesothelin;;;
ENSRNOG00000016396;Fbxo11;7161.935078;1.269382172;0.344126485;0.16562793;2.077708057;0.037736257;0.999244754;F-box protein 11;;;
ENSRNOG00000020748;Map4;17231.43309;0.743766596;-0.42707814;0.205575883;-2.077471994;0.037758017;0.999244754;microtubule-associated protein 4;;;
ENSRNOG00000064009;LOC102556092;5492.010504;0.65058458;-0.620191466;0.298830896;-2.075392719;0.037950152;0.999244754;uncharacterized LOC102556092;;;
ENSRNOG00000007596;Rffl;1602.300845;0.521635372;-0.938886393;0.452529274;-2.074752833;0.038009448;0.999244754;ring finger and FYVE-like domain containing E3 ubiquitin protein ligase;;;
ENSRNOG00000006283;LOC100359922;2313.541978;0.745259292;-0.424185636;0.204494498;-2.074313197;0.038050233;0.999244754;60S ribosomal protein L13-like;;;
ENSRNOG00000010479;Mycbp2;27347.21916;1.290056546;0.367434304;0.177290934;2.072493473;0.038219444;0.999244754;MYC binding protein 2;;;
ENSRNOG00000067437;Snurf-ps2;796.7357575;0.717895535;-0.478154169;0.23081129;-2.071623837;0.038300535;0.999244754;SNRPN upstream open reading frame; pseudogene 2;;
ENSRNOG00000049696;Rsph4a;23.17237794;14.42074865;3.850074158;1.86089777;2.068933727;0.038552306;0.999244754;radial spoke head component 4A;;;
ENSRNOG00000001872;Lrrc74b;171.5175804;1.902616839;0.927985052;0.448596041;2.068642982;0.038579601;0.999244754;leucine rich repeat containing 74B;;;
ENSRNOG00000021265;Cds2;5282.147472;1.281841986;0.358218431;0.173332797;2.066651185;0.038767034;0.999244754;CDP-diacylglycerol synthase 2;;;
ENSRNOG00000055089;Slc44a1;4990.24739;0.586878416;-0.768866444;0.372108538;-2.066242415;0.038805596;0.999244754;solute carrier family 44 member 1;;;
ENSRNOG00000002312;Atp10d;315.3886996;2.06974085;1.049450141;0.507929878;2.066131935;0.038816024;0.999244754;ATPase phospholipid transporting 10D (putative);;;
ENSRNOG00000020134;Upf1;1909.129542;1.332235305;0.41384892;0.200317472;2.065965171;0.038831768;0.999244754;UPF1; RNA helicase and ATPase;;
ENSRNOG00000053317;Efcab11;11.31664437;21.01292265;4.393204933;2.126602488;2.065832687;0.038844281;0.999244754;EF-hand calcium binding domain 11;;;
ENSRNOG00000029410;Rpl21;2942.978674;0.760131039;-0.395679948;0.191670702;-2.064373661;0.038982302;0.999244754;ribosomal protein L21;;;
ENSRNOG00000009585;Tcf20;6280.477721;1.24702928;0.318495339;0.154371546;2.063173862;0.039096113;0.999244754;transcription factor 20;;;
ENSRNOG00000000593;Rev3l;6834.498601;1.349122031;0.432020849;0.209480615;2.062342846;0.039175107;0.999244754;REV3 like; DNA directed polymerase zeta catalytic subunit;;
ENSRNOG00000006999;Dnai4;1824.639968;1.440021272;0.526090123;0.255144883;2.061926997;0.039214687;0.999244754;dynein axonemal intermediate chain 4;;;
ENSRNOG00000002192;Rell1;271.2358844;0.519463724;-0.94490509;0.458493411;-2.060891317;0.03931341;0.999244754;RELT-like 1;;;
ENSRNOG00000020869;mrpl9;1088.522208;0.694013872;-0.526963596;0.256016486;-2.058318996;0.039559522;0.999244754;mitochondrial ribosomal protein L9;;;
ENSRNOG00000032917;Zfand2a;1110.719245;0.733153526;-0.447812758;0.217638066;-2.057603088;0.03962825;0.999244754;zinc finger AN1-type containing 2A;;;
ENSRNOG00000006965;Aff4;12316.49014;1.246905505;0.318352136;0.154730328;2.057464362;0.03964158;0.999244754;ALF transcription elongation factor 4;;;
ENSRNOG00000066989;NA;10.23689998;18.54063689;4.212618898;2.047550781;2.0573941;0.039648332;0.999244754;NA;;;
ENSRNOG00000063481;Tex54;10.1254229;0.028423731;-5.136760242;2.497000979;-2.057171898;0.039669694;0.999244754;testis expressed 54;;;
ENSRNOG00000009170;Dmxl2;18209.8475;1.278838837;0.354834463;0.172487185;2.057164202;0.039670434;0.999244754;Dmx-like 2;;;
ENSRNOG00000039863;Fam237b;15.47541748;0.103010877;-3.279131418;1.594209635;-2.056901016;0.039695748;0.999244754;family with sequence similarity 237 member B;;;
ENSRNOG00000008937;Csrp1;5506.640779;0.381783654;-1.389172758;0.675470262;-2.056600914;0.03972463;0.999244754;cysteine and glycine-rich protein 1;;;
ENSRNOG00000020212;Prr35;17.80772774;0.09156535;-3.44905443;1.677522598;-2.056040517;0.039778611;0.999244754;proline rich 35;;;
ENSRNOG00000023053;Ice1;4721.754246;1.260600779;0.33411146;0.162694517;2.053612289;0.040013232;0.999244754;interactor of little elongation complex ELL subunit 1;;;
ENSRNOG00000068537;Hs3st1;1339.094976;0.555448791;-0.848274184;0.41346902;-2.051602761;0.040208284;0.999244754;heparan sulfate-glucosamine 3-sulfotransferase 1;;;
ENSRNOG00000004613;Gpm6b;41721.2382;0.796368559;-0.328491831;0.160133519;-2.051362093;0.040231698;0.999244754;glycoprotein m6b;;;
ENSRNOG00000020676;Ppp1r14a;130.3046401;0.331035163;-1.594943625;0.777607787;-2.051090089;0.040258174;0.999244754;protein phosphatase 1; regulatory (inhibitor) subunit 14A;;
ENSRNOG00000013287;Sall2;1249.423249;0.68603708;-0.543641538;0.265151738;-2.050303511;0.040334822;0.999244754;spalt-like transcription factor 2;;;
ENSRNOG00000001796;Dgkg;3491.096045;1.617695594;0.693940157;0.338559258;2.049685957;0.040395086;0.999244754;diacylglycerol kinase; gamma;;
ENSRNOG00000009536;Pgp;1483.819022;0.745533604;-0.423654714;0.206772688;-2.048891072;0.040472768;0.999244754;phosphoglycolate phosphatase;;;
ENSRNOG00000024905;Drc1;1104.463071;1.759249496;0.8149601;0.398058254;2.047338781;0.040624833;0.999244754;dynein regulatory complex subunit 1;;;
ENSRNOG00000024335;Fastkd1;735.8812695;1.474279206;0.560009775;0.273579628;2.046971767;0.040660857;0.999244754;FAST kinase domains 1;;;
ENSRNOG00000003144;Gprc5c;58.27254112;3.479373904;1.798827723;0.878990759;2.046469438;0.040710206;0.999244754;G protein-coupled receptor; class C; group 5; member C
ENSRNOG00000053334;Stmn4;8956.745207;0.733017153;-0.448081137;0.218961195;-2.046395193;0.040717505;0.999244754;stathmin 4;;;
ENSRNOG00000066506;NA;19.98965263;0.025266639;-5.30662244;2.593435532;-2.046174804;0.040739175;0.999244754;NA;;;
ENSRNOG00000032635;Rpl8-ps7;6666.101525;0.765049387;-0.386375212;0.18885481;-2.045884937;0.040767693;0.999244754;ribosomal protein L8; pseudogene 7;;
ENSRNOG00000067065;Capns1;6641.131642;0.741298463;-0.431873576;0.211185061;-2.0450006;0.040854799;0.999244754;calpain; small subunit 1;;
ENSRNOG00000059207;Oas3;75.87061246;2.345411851;1.22984128;0.601572975;2.04437588;0.040916428;0.999244754;2'-5'-oligoadenylate synthetase 3;;;
ENSRNOG00000018406;Wipf1;974.5851496;0.629986129;-0.66660803;0.326099202;-2.04418786;0.040934992;0.999244754;WAS/WASL interacting protein family; member 1;;
ENSRNOG00000000955;Lnx2;541.4546266;1.549375053;0.631686415;0.309353142;2.041958943;0.041155604;0.999244754;ligand of numb-protein X 2;;;
ENSRNOG00000010331;Ctsb;15946.93776;0.795675071;-0.329748696;0.16153499;-2.041345317;0.041216516;0.999244754;cathepsin B;;;
ENSRNOG00000003439;Il15;300.884152;1.936549566;0.953488428;0.467263153;2.040581248;0.041292468;0.999244754;interleukin 15;;;
ENSRNOG00000004538;Brd1;3216.885936;1.29366481;0.371463861;0.182107673;2.039803465;0.041369905;0.999244754;bromodomain containing 1;;;
ENSRNOG00000027935;Lrrc34;74.69510666;3.10789525;1.635937879;0.802149086;2.039443674;0.041405767;0.999244754;leucine rich repeat containing 34;;;
ENSRNOG00000015971;Slc12a2;5616.272031;0.609238686;-0.71492054;0.350648951;-2.038849787;0.041465022;0.999244754;solute carrier family 12 member 2;;;
ENSRNOG00000007648;Rab11b;6822.438659;0.785699955;-0.347949617;0.170661111;-2.038833657;0.041466632;0.999244754;RAB11B; member RAS oncogene family;;
ENSRNOG00000024825;Fam163a;1594.092119;0.706000374;-0.502259147;0.246505193;-2.037519538;0.041598006;0.999244754;family with sequence similarity 163; member A;;
ENSRNOG00000003402;Stx6;3410.810336;0.778570961;-0.361099559;0.177257169;-2.037150665;0.041634946;0.999244754;syntaxin 6;;;
ENSRNOG00000000886;Caln1;3091.703448;1.472368572;0.55813886;0.274142458;2.035944616;0.041755917;0.999244754;calneuron 1;;;
ENSRNOG00000032788;Dysf;123.1950659;2.013069243;1.009396797;0.49590062;2.035482023;0.041802396;0.999244754;dysferlin;;;
ENSRNOG00000003756;Lancl3;450.2533448;1.561382996;0.642824464;0.315990847;2.034313559;0.041919991;0.999244754;LanC like family member 3;;;
ENSRNOG00000011697;Zfp827;4069.009215;1.295301477;0.373287919;0.183496858;2.034301423;0.041921214;0.999244754;zinc finger protein 827;;;
ENSRNOG00000022116;Gjb6;1355.940447;0.654177221;-0.612246571;0.301173402;-2.032870654;0.042065593;0.999244754;gap junction protein; beta 6;;
ENSRNOG00000012119;NA;8.636398621;21.01261266;4.39318365;2.163654886;2.030445649;0.042311261;0.999244754;NA;;;
ENSRNOG00000028649;Tox3;940.4705554;1.617860571;0.69408728;0.341981951;2.029602083;0.042397003;0.999244754;TOX high mobility group box family member 3;;;
ENSRNOG00000011861;Aadat;704.7666438;0.646275676;-0.6297784;0.310530659;-2.02807157;0.042552944;0.999244754;aminoadipate aminotransferase;;;
ENSRNOG00000018371;Tubb6;94.10092111;2.215642582;1.147725171;0.566394973;2.026368922;0.042726993;0.999244754;tubulin; beta 6 class V;;
ENSRNOG00000042603;Ttc39b;2060.856676;1.348747519;0.431620306;0.213146563;2.024993037;0.042868079;0.999244754;tetratricopeptide repeat domain 39B;;;
ENSRNOG00000023346;Cplane2;182.0786807;0.528934229;-0.918839755;0.453772891;-2.024889044;0.042878759;0.999244754;ciliogenesis and planar polarity effector complex subunit 2;;;
ENSRNOG00000001869;Rab44;25.93366414;0.19517496;-2.357160122;1.164152878;-2.024785719;0.042889372;0.999244754;RAB44; member RAS oncogene family;;
ENSRNOG00000027839;Ptk2b;18406.89081;1.236879907;0.306705431;0.151550352;2.023785673;0.042992209;0.999244754;protein tyrosine kinase 2 beta;;;
ENSRNOG00000007258;Sbspon;38.30775543;3.423028248;1.775273198;0.877625944;2.022813034;0.043092427;0.999244754;somatomedin B and thrombospondin; type 1 domain containing;;
ENSRNOG00000017676;Plvap;46.10833067;0.327203295;-1.611740818;0.797785025;-2.020269582;0.043355432;0.999244754;plasmalemma vesicle associated protein;;;
ENSRNOG00000016828;Cmtm5;740.4893368;0.610144268;-0.712777688;0.353038742;-2.018978666;0.043489437;0.999244754;CKLF-like MARVEL transmembrane domain containing 5;;;
ENSRNOG00000007249;Cdkn1b;1587.914011;0.721448239;-0.471032204;0.233576429;-2.016608468;0.043736389;0.999244754;cyclin-dependent kinase inhibitor 1B;;;
ENSRNOG00000069945;Tmem229a;313.709806;0.595396746;-0.748076758;0.371098948;-2.015841764;0.043816525;0.999244754;transmembrane protein 229A;;;
ENSRNOG00000010556;Intu;543.9020849;1.479614881;0.565221715;0.280526534;2.01486008;0.043919312;0.999244754;inturned planar cell polarity protein;;;
ENSRNOG00000019565;Tbx15;57.66006628;3.252879887;1.701717552;0.844685449;2.014616865;0.043944809;0.999244754;T-box transcription factor 15;;;
ENSRNOG00000017260;Cdr2;250.4794061;0.538888992;-0.891939978;0.442918925;-2.013777079;0.044032943;0.999244754;cerebellar degeneration-related protein 2;;;
ENSRNOG00000006178;Dync1h1;39814.35217;1.368857017;0.452971758;0.224953673;2.013622411;0.044049192;0.999244754;dynein cytoplasmic 1 heavy chain 1;;;
ENSRNOG00000049985;Gprasp1;26123.2991;1.302724528;0.381532046;0.189553505;2.012793416;0.044136367;0.999244754;G protein-coupled receptor associated sorting protein 1;;;
ENSRNOG00000003229;Tspan7;42922.80647;0.824220335;-0.278898038;0.138621261;-2.011942725;0.044225975;0.999244754;tetraspanin 7;;;
ENSRNOG00000003073;Gpr161;412.1694591;2.138641594;1.096694727;0.545197702;2.011554198;0.044266952;0.999244754;G protein-coupled receptor 161;;;
ENSRNOG00000002916;Car4;733.261273;1.657333901;0.72886429;0.362550855;2.010378074;0.044391189;0.999244754;carbonic anhydrase 4;;;
ENSRNOG00000043513;Cyp4x1;2845.730503;1.394219792;0.479458013;0.238526795;2.010080308;0.04442269;0.999244754;cytochrome P450; family 4; subfamily x; polypeptide 1
ENSRNOG00000000699;Selplg;1248.276983;0.707438434;-0.499323494;0.24846716;-2.00961565;0.044471884;0.999244754;selectin P ligand;;;
ENSRNOG00000070553;Gltpd2;5.55893574;0.020673196;-5.596094723;2.785037209;-2.009342893;0.044500782;0.999244754;glycolipid transfer protein domain containing 2;;;
ENSRNOG00000031397;Stk32b;89.79331532;2.403517946;1.265147576;0.629688896;2.009162913;0.044519859;0.999244754;serine/threonine kinase 32B;;;
ENSRNOG00000019388;Egfl7;340.5607425;1.84076508;0.88030552;0.438446367;2.007783819;0.044666269;0.999244754;EGF-like-domain; multiple 7;;
ENSRNOG00000005905;Pde4b;5106.494142;0.694530147;-0.525890777;0.262001799;-2.007202923;0.044728061;0.999244754;phosphodiesterase 4B;;;
ENSRNOG00000016917;Clcn1;153.6413994;1.906040175;0.930578528;0.463638044;2.007122885;0.04473658;0.999244754;chloride voltage-gated channel 1;;;
ENSRNOG00000003951;Psmc1;7487.662105;0.805797525;-0.31151072;0.155270946;-2.006239598;0.044830691;0.999244754;proteasome 26S subunit; ATPase 1;;
ENSRNOG00000017417;Gabarap;4725.060167;0.746321379;-0.42213108;0.210418093;-2.006153909;0.04483983;0.999244754;GABA type A receptor-associated protein;;;
ENSRNOG00000004346;Notch3;776.3498917;1.552305324;0.63441235;0.31688685;2.002015385;0.045283077;0.999244754;notch receptor 3;;;
ENSRNOG00000006995;Ano6;934.2903075;1.572710152;0.653252809;0.326468399;2.000967966;0.045395842;0.999244754;anoctamin 6;;;
ENSRNOG00000015295;Ctdsp1;1243.685791;0.711664711;-0.490730395;0.245312921;-2.000426199;0.045454262;0.999244754;CTD small phosphatase 1;;;
ENSRNOG00000043128;Armcx4;4028.197882;1.271901757;0.34698724;0.173538493;1.999482845;0.045556136;0.999244754;armadillo repeat containing; X-linked 4;;
ENSRNOG00000065127;NA;144.2463302;2.068833402;1.048817473;0.524618806;1.999199156;0.04558681;0.999244754;NA;;;
ENSRNOG00000016872;Plppr4;11383.85266;1.295619418;0.373641995;0.186921255;1.998927274;0.045616223;0.999244754;phospholipid phosphatase related 4;;;
ENSRNOG00000004027;Aldh9a1;2047.274701;0.773678317;-0.370194253;0.185279016;-1.998036588;0.045712694;0.999244754;aldehyde dehydrogenase 9 family; member A1;;
ENSRNOG00000057044;Garnl3;6665.370872;0.637418355;-0.649687532;0.325576067;-1.995501506;0.04598821;0.999244754;GTPase activating Rap/RanGAP domain-like 3;;;
ENSRNOG00000020845;Tyrobp;151.3492312;0.521164808;-0.940188426;0.471448578;-1.994254454;0.046124254;0.999244754;transmembrane immune signaling adaptor Tyrobp;;;
ENSRNOG00000063049;Pnma8c;9471.580608;1.249775896;0.321669421;0.161463234;1.992214651;0.046347511;0.999244754;PNMA family member 8C;;;
ENSRNOG00000064621;NA;47.41725897;0.339321729;-1.559274277;0.782743591;-1.992062655;0.046364184;0.999244754;NA;;;
ENSRNOG00000000567;Unc5b;1413.195094;0.574359924;-0.799973007;0.401634693;-1.991792594;0.046393819;0.999244754;unc-5 netrin receptor B;;;
ENSRNOG00000058914;Rbx1;944.1330765;0.717509955;-0.478929247;0.240504618;-1.991351564;0.04644225;0.999244754;ring-box 1;;;
ENSRNOG00000017105;Dpyd;1027.693342;1.761791272;0.817043011;0.410436812;1.990666984;0.046517511;0.999244754;dihydropyrimidine dehydrogenase;;;
ENSRNOG00000056772;Col4a6;92.16144206;2.163166262;1.113144556;0.559587101;1.989224829;0.046676393;0.999244754;collagen type IV alpha 6 chain;;;
ENSRNOG00000000463;Col11a2;4175.50927;1.315412988;0.39551582;0.198861729;1.988898629;0.046712393;0.999244754;collagen type XI alpha 2 chain;;;
ENSRNOG00000025815;Cdr2l;840.1467567;0.716717099;-0.480524322;0.241646206;-1.98854486;0.046751463;0.999244754;cerebellar degeneration-related protein 2-like;;;
ENSRNOG00000015835;Cacna2d2;2046.583353;1.373792298;0.458163901;0.230458713;1.988051983;0.046805941;0.999244754;calcium voltage-gated channel auxiliary subunit alpha2delta 2;;;
ENSRNOG00000014089;Map3k2;661.1864799;1.448685537;0.534744467;0.269264265;1.985946657;0.047039247;0.999244754;mitogen activated protein kinase kinase kinase 2;;;
ENSRNOG00000009149;Jam3;1686.901593;0.645994643;-0.630405894;0.317461596;-1.985770571;0.047058805;0.999244754;junctional adhesion molecule 3;;;
ENSRNOG00000070123;NA;46.72299252;3.117107848;1.640208071;0.826273944;1.985065709;0.047137161;0.999244754;NA;;;
ENSRNOG00000009850;Dcps;4711.083108;0.749836906;-0.415351261;0.209421786;-1.983324029;0.047331247;0.999244754;decapping enzyme; scavenger;;
ENSRNOG00000025731;NA;1567.850024;0.716458609;-0.481044734;0.242586997;-1.982978234;0.047369861;0.999244754;NA;;;
ENSRNOG00000014856;Etnk1;19272.44295;1.244643465;0.315732533;0.159233093;1.982832381;0.047386156;0.999244754;ethanolamine kinase 1;;;
ENSRNOG00000047211;Fzd3;2739.842276;1.307980168;0.387340667;0.195378597;1.982513297;0.047421821;0.999244754;frizzled class receptor 3;;;
ENSRNOG00000046021;Pcsk1n;4681.496554;0.750293354;-0.414473317;0.2090821;-1.982347205;0.047440394;0.999244754;proprotein convertase subtilisin/kexin type 1 inhibitor;;;
ENSRNOG00000000073;Tmed5;2257.643195;0.700263772;-0.514029642;0.259476581;-1.981025187;0.047588449;0.999244754;transmembrane p24 trafficking protein 5;;;
ENSRNOG00000006305;Slc38a2;6048.744838;0.743745269;-0.427119508;0.215630513;-1.980793452;0.047614441;0.999244754;solute carrier family 38; member 2;;
ENSRNOG00000054475;Spag16;52.70624417;3.79983873;1.92593819;0.972726584;1.97993786;0.047710512;0.999244754;sperm associated antigen 16;;;
ENSRNOG00000005506;Arhgef5;110.1031216;2.214669704;1.147091551;0.579421323;1.979719256;0.047735084;0.999244754;Rho guanine nucleotide exchange factor 5;;;
ENSRNOG00000033744;Rasgrp4;148.5225101;2.454277586;1.295298431;0.654482019;1.979119967;0.047802501;0.999244754;RAS guanyl releasing protein 4;;;
ENSRNOG00000033893;Cacna1h;2289.025817;1.423008984;0.50894477;0.25721111;1.978704459;0.047849291;0.999244754;calcium voltage-gated channel subunit alpha1 H;;;
ENSRNOG00000008425;Nav1;4219.418124;1.313964843;0.393926675;0.199117167;1.978366213;0.047887408;0.999244754;neuron navigator 1;;;
ENSRNOG00000011300;Lama3;237.1152699;2.024770107;1.017758114;0.514472657;1.978255015;0.047899945;0.999244754;laminin subunit alpha 3;;;
ENSRNOG00000047040;NA;24.87537679;4.573525999;2.193306852;1.108990502;1.9777508;0.047956826;0.999244754;NA;;;
ENSRNOG00000004040;Abca8;964.8229948;1.455427328;0.541442805;0.273788736;1.977593431;0.047974591;0.999244754;ATP binding cassette subfamily A member 8;;;
ENSRNOG00000009022;Rtkn;2943.126582;0.714476857;-0.485040814;0.245424005;-1.976338108;0.048116496;0.999244754;rhotekin;;;
ENSRNOG00000060144;Ankle2;4160.425804;1.261491462;0.335130442;0.169582933;1.976203829;0.048131696;0.999244754;ankyrin repeat and LEM domain containing 2;;;
ENSRNOG00000007606;Rnf43;740.2406146;0.462633096;-1.112059616;0.562807463;-1.975914836;0.048164424;0.999244754;ring finger protein 43;;;
ENSRNOG00000064341;Urm1;836.1660283;0.740106889;-0.43419445;0.219757982;-1.975784662;0.048179171;0.999244754;ubiquitin related modifier 1;;;
ENSRNOG00000025594;Scrt1;952.7472331;0.56437683;-0.825269334;0.417699262;-1.975750042;0.048183094;0.999244754;scratch family transcriptional repressor 1;;;
ENSRNOG00000019730;Inppl1;1378.746621;0.745543928;-0.423634736;0.214681727;-1.973315298;0.048459651;0.999244754;inositol polyphosphate phosphatase-like 1;;;
ENSRNOG00000011243;MGC94891;10.35408119;0.022740876;-5.45856839;2.76621068;-1.973301755;0.048461193;0.999244754;hypothetical protein LOC681210;;;
ENSRNOG00000000186;Tst;1437.35583;0.766125045;-0.38434821;0.194846761;-1.972566581;0.048544964;0.999244754;thiosulfate sulfurtransferase;;;
ENSRNOG00000000438;Rnf5;1658.950715;0.729540844;-0.454939343;0.230746378;-1.971599064;0.048655394;0.999244754;ring finger protein 5;;;
ENSRNOG00000071002;Kcne4;53.78804769;0.320470709;-1.641735595;0.832764412;-1.971428621;0.04867487;0.999244754;potassium voltage-gated channel subfamily E regulatory subunit 4;;;
ENSRNOG00000014350;Ccn1;42.84022757;0.157801897;-2.663813546;1.352221667;-1.969953308;0.048843722;0.999244754;cellular communication network factor 1;;;
ENSRNOG00000050547;Syngr2;336.9349917;0.612454444;-0.707325557;0.359083126;-1.969810069;0.048860142;0.999244754;synaptogyrin 2;;;
ENSRNOG00000009920;LOC680121;19104.32945;0.804537716;-0.313768041;0.159373502;-1.968759157;0.048980755;0.999244754;similar to heat shock protein 8;;;
ENSRNOG00000012262;Depdc7;162.6540742;0.439394104;-1.186412583;0.602916348;-1.967789707;0.049092239;0.999244754;DEP domain containing 7;;;
ENSRNOG00000047513;Mdn1;4557.710443;1.308558504;0.387978427;0.197253448;1.966903139;0.049194379;0.999244754;midasin AAA ATPase 1;;;
ENSRNOG00000015049;Scn5a;244.9948788;3.218110732;1.686213969;0.857347811;1.966779349;0.049208654;0.999244754;sodium voltage-gated channel alpha subunit 5;;;
ENSRNOG00000017647;Zc3h8;835.6034317;1.39389402;0.479120875;0.243750025;1.965623897;0.049342072;0.999244754;zinc finger CCCH type containing 8;;;
ENSRNOG00000017036;Sec11c;2990.710083;0.666761425;-0.584757454;0.297511533;-1.965495077;0.049356965;0.999244754;SEC11 homolog C; signal peptidase complex subunit;;
ENSRNOG00000003232;Nherf1;1519.085457;0.706038265;-0.50218172;0.255513458;-1.96538266;0.049369965;0.999244754;NHERF family PDZ scaffold protein 1;;;
ENSRNOG00000019615;Colq;53.20781808;2.768852984;1.469288454;0.747678224;1.965134741;0.049398645;0.999244754;collagen like tail subunit of asymmetric acetylcholinesterase;;;
ENSRNOG00000021007;Snx15;921.8340564;0.679082965;-0.558340253;0.284135446;-1.965049627;0.049408494;0.999244754;sorting nexin 15;;;
ENSRNOG00000007732;Slc35c1;814.8838983;0.732758113;-0.448591059;0.228384531;-1.96419196;0.049507835;0.999244754;solute carrier family 35 member C1;;;
ENSRNOG00000060825;Ccm2;1603.96046;0.73431375;-0.44553148;0.226883359;-1.96370277;0.049564571;0.999244754;CCM2 scaffold protein;;;
ENSRNOG00000005124;Plekhh2;3033.143676;1.537715607;0.620788708;0.316197798;1.963292321;0.049612217;0.999244754;pleckstrin homology; MyTH4 and FERM domain containing H2;;
ENSRNOG00000005093;Lgr6;245.3672977;1.78450326;0.835522537;0.42568851;1.962755672;0.049674571;0.999244754;leucine-rich repeat-containing G protein-coupled receptor 6;;;
ENSRNOG00000051169;Clnk;7.93450972;0.025266743;-5.306616466;2.704930735;-1.961830814;0.049782185;0.999244754;cytokine-dependent hematopoietic cell linker;;;
ENSRNOG00000009535;Stoml2;1481.672882;0.771767688;-0.373761452;0.190517105;-1.961826219;0.04978272;0.999244754;stomatin like 2;;;
ENSRNOG00000001251;Grifin;4.956782752;0.020672252;-5.596160606;2.854042238;-1.960784088;0.049904215;0.999244754;galectin-related inter-fiber protein;;;
ENSRNOG00000031641;NA;1224.807036;0.714641885;-0.484707623;0.247202556;-1.960771078;0.049905733;0.999244754;NA;;;
ENSRNOG00000061782;Tspyl2;5442.727342;1.346344204;0.429047294;0.218848558;1.960475761;0.049940208;0.999244754;TSPY-like 2;;;
